customer_unique_id,first_order_id,second_order_id,days_between_orders
ccafc1c3f270410521c3c6f3b249870f,3d58fd1ee438a43f2a826dda6b013519,dcb36b511fcac050b97cd5c05de84dc3,608.978912
d8f3c4f441a9b59a29f977df16724f38,2511cdf205337513507a1863f0098d39,b2947cf9a8d3084369dfcbe9663dd545,582.864363
94e5ea5a8c1bf546db2739673060c43f,64f5569ef96004a1e1137bdf28fd4c45,2f53e1db0b2a17564ef12fe69d65a9df,580.693322
87b3f231705783eb2217e25851c0a45d,c98b0fbac2717f072d5089e8af088304,6d86a700fbdfec909998eefa9110f3e9,572.686840
4e23e1826902ec9f208e8cc61329b494,31b0dd6152d2e471443debf037ae171d,876fd8c751a56ed982b5a72dca56937f,524.413495
a1c61f8566347ec44ea37d22854634a1,5d5158a88e86989b64a41c1c2aff9125,57bc9b432f93fd30a3cc83952ccbf267,524.100926
a262442e3ab89611b44877c7aaf77468,5d6ca8d2f39c609dc330b731dc5777cb,5997512fab61ce978490135668b02aa9,521.928194
5eefb861d4921a3e628bbc65c50a480a,ea27276ae0fbab49a3e542b3f44f6fd4,fddaf32439eab4df416cb63ef0a0ddda,517.750359
18bc87094128bbfe943cf88adcf72059,a8305d2dfd60042d6000b3de3bc533a3,c94206a6d6698d5852b7e9e14bdc2e79,514.511933
7e7301841ddb4064c2f3a31e4c154932,88a385737ede49900eeccbcd1d16fa00,2e8080693faebedb3ba68531167c6313,514.279468
24072811917876a84c81166f96aed0c1,753aaaa715f963740a358c291bc79727,b196564f2fd79a80ab1b31dd8ba4e4fb,510.902106
30b782a79466007756f170cb5bd6bbd8,b741ced31205b787eebdd0cc7f220b0a,6e1d72c49d6aa8e6a4c5670c6ae13c72,509.160590
408aee96c75632a92e5079eee61da399,84705956de681a2d1420bd90d7667472,d2b4a4076a8cb3ca3b43a1ee90b4a0e2,506.266632
97258e1c1f77f32358eccd1c9ee5954d,184cc3e09f63ccf3f0de8067b3badfb3,e3d651007ef1548b71b4285ca0f484e4,504.653738
7f5dcde4d292354dd5e6968a27971126,b9fffd14dc2869d69f441ff3c8f34bab,40e7e406d2aadf3fb95b04e41909b29a,492.984410
e53fd5575f1418397aae732c5755b6fc,5729676c9570f1edb39c7a1f01e4e0e6,f0af25b55365e27fbd6a93df45d9253f,490.697060
4d9e104764077f7dfae917c7cc803212,0b4526b3cce3a48ec0506b923481cdfc,c4c1257d437761ebf697da82b5cca4e1,489.308148
4658b26bcea972ed0b86a5f8c61718be,3f3e01f29d25bb2e62be81659113d44e,a1011d45b3b442fc2af90299beb134a2,488.835984
2e49a3bbeb76297ee0ff49df39c2456c,efdd2a16264f8e4d18564f8e7deb071c,7f081049d243d9a51d4235dfc310a73f,485.189317
fc19fe9ac733e36ff8227c29435c2030,56a726fa0f40d3678696e62aaed9690d,b69a71531e8579d2989792e5fcff085f,483.967384
1b7b7f9631cd453251d0b328c9b38a2a,efe5bb701ff507ffa4736a7c07be50d2,1daef9cebfe701d5500c5ce43a271165,482.004560
423d40b193638955a782839886648464,417f3a2950fc1952340b349f0dcc7a25,6f6adb6239aa458699f94784b3bb978a,472.069664
e219a439f6ca99e32824bcc7153969c9,d2dd52f27ff69c333cfe7c6dbd4a6a08,4de39e6ed70e6add419cd6560467478d,468.826840
3af90f255e824d1d53b3584a4e89ad58,a15df161654da3f47c2984ffd7764920,2c494cef88b908df152b7d6d69c8beba,466.888125
acf91aaa6f337456d3c506a5a494552c,f88aa9b677553d2e3f0e77b495066619,63feb2ae0b836343163861c5268b5e2e,462.325150
46ed126bcf1df6e195dbc63d7c320983,4a5dd77c42df1a4cf21c142eaacf866f,d37f6eeb2d27fc449e65051940060719,457.041852
71a92fd3087501bcfba6e6e1ef7e8fd7,76cd8bdf29b1ad8f6dad715d6ad8fe90,88a82da4cb2eb4723c9965285fe826c9,457.013993
fb920961e4d8e55fd9c357976a611765,d591a97fad2791ee9d973b748fd1c4d9,adc2f0c9fd838d820339f8220c1adf08,455.774641
4092bf290aa60e4f2d4a0dcc2f38c954,cd7d5eba4ca59e359249279469aa4f7a,70ee39a40074e0c39dda6d286a77d5c5,454.979826
1f98e3467d2b48dfb44fc12b137d3447,f9c44da06151c190a9a6c9c712873d10,9fdf7b5e959065e5c0d14fbc37b751d3,454.713993
7cf08f01ab6a6a1365e1613989a65158,8c0819345572d0da947e64bfdf38e3d2,99044ba4cee09a5fd69a8c9a25599f55,453.004190
313febe2adc914a7cb3f6e903f8e13cf,c7f9d26b8af0469ef75b9f5acd3b31ad,5a42abf0eee65d3a1e361aa49561a521,452.871088
4702ba5faa8283e0f6b6a545cdaf8a9f,02358a9949662b292e80635305dea78b,cc4609648b8cff3ea47a04fc4380c25c,449.008275
eeea20d93b0e221411defcabab3c8949,643fa404d2dac7349a17416c2d2abf42,28cf0d3a2917f031ecf4715669a2dfad,448.793727
8cfc5350efe3bce6a0d6f96fbaf2c3b4,860455aa7b45766b3d33b051cebc6e27,e7c5ccfc34c262f8f9240ade57e01ed7,447.640972
c7819760e70376028f519e3b57e6c441,f993d127ffb4f4a6ad0cd89f48dc0b4f,537716eaf03b0a1904be0663cbcdafa9,444.725255
0ef7b906320b21fe4d39f99496aaa2d8,175f78291b6a5157427421c494d402c9,9b21580d9a140962daa66b493fa50248,444.155625
0178b244a5c281fb2ade54038dd4b161,a72698cb5818851e1f19815692cf256b,94ca38619d7e64f94facac403a99682d,443.714479
6f1b9f60ea8ee748140353648c2d8d8f,22fe036a63b56dfae665a7e584138f37,d4575d5b52616538e99ffe90f8931f81,441.976366
a4030b5e97ffc14114e66d82df860f6f,cedac928ba1f320f1f61e79b3801b5c5,7a55d04b91c3854b9cb2444fccc8dcdf,438.226782
eb4520b16c32518b6615f2d50f1be1bb,21826e0954bd6550ea7b7a5665bc636f,aeb70ca14a984230b34a6cbf48fe6d8a,435.847211
796214f3f3b496b3b116986185984393,20dba2f8adcb7effe9f8fd64c8818656,0e93edf664c68e407889c757350ef76a,434.655116
5d323409404dee6bdb0f6cf9ef828dae,0a3fcfaf1098f95867cdeeb766561eae,1397417a57ad1bbfe8d639df8cdee908,432.869329
cb36d0f12c99d07935b706269045f613,faee84a4283f8d770ea390010415ad05,c1499ec470fbfa0a44ba5d94f3a16ab2,432.202350
4041baa51d9eae8f5955ccd4f02bb044,5852550cf22fcb9c36345a0b65992ff5,79581b0708489f6f9539c0d29dc53bb7,431.024595
cd6c68c5fad15e0a5a5c1150546704e0,e737af03de32cf2b9d013f5831754def,e90d8a867960fe909ecb460cb3a9e4d1,428.053438
ece908ca0502def5dd56deca8a5c67d5,4cbf4f8f95033da28ecc48d007d1b49f,3e6cbccd0e3c5e4972f1f1f178b81b08,427.083171
da8ac849037c7201a41a4db0b1fa963e,f4e8ad5799c4158d5a46252237570e68,44809c64bc4e272b0ffd44dcaa3beb8c,425.272188
fcd0ab79592faab19e2bf386cf69fbcd,a8b8b7289262a652bbc1c042766c97c8,57db3577cc4d6b5ab2b9849d29c3fc61,420.913322
54e0a7cc9c09c591bd186e4569c7bf30,79de12ad0d6a9e82e8f7bd4cb879a1a7,26e3ef9735227d94c5e14a0a461d0ab5,420.218171
aff7f8b5669fbc5d6f6097ce45e63b19,66a7368cc39c6a3e93415aaf9e9b863a,d6e8c00fe3761c680d73781f517b7e63,414.161944
9b7fcfa05fb6f8b88fea3d74a6ba77d6,efcd8852328a37fca811747c09c6fb69,44d14514a06127f72cd96745ed0eed21,413.020312
ee04cc9bca4c9198bec5c54c2542dd3b,4a38745716bb4884b76fd3a12ad5cdd2,a147b97f47abbdb02f67ea00da442cd8,411.707280
d6db3091e8c13023bf1e6d367b8c0847,9edb4a65f2f453139e9dba567889dc0e,7b9bc6b76ad9656ca99e8e1f2a6d249b,409.169074
6f65f19c2dcfcab8b76b2fafb5b840e1,e2d9d1ca77005d8626107e6d9da6ee63,2d62a673525d6861e6f5f7ea6969c96c,409.045197
46da36c3df7118852b770394d1ba2be5,dc8155452b97affece4c5a698beb11f6,ad40bc353ed6f8f975faf818439c7de1,408.190972
8b4bb71a7d37d4c2560e0f0409a58905,63dba135b96cf8bb30f38a43bc02eae9,9804b55805c8c19afdf0e9af3e494a0b,404.617014
21559d7ff0ebff720e5e160184338fed,ac00b2ff2ee93f4ac33b64cd6b656ab4,e21bb5b2af087339bd3614d77a0053a1,403.776667
1a328a664417dc7cbff0ed7df49f5a3d,278ce3d59dd06d461a1a4d6703790ae9,0bd92af478239fae08847d13e9fd8617,403.661424
d08c29302907086e8fe823369542f3ae,20c60f23d0f1231ad895fde039554666,f83a0ce66c457dfdf564dafa364ae1d4,403.653565
8f567321ba12101dedc07c70b7021069,353452698ed9b7e594c057af6d63c95f,4d2711a0db9f671c10f8ce62aeb438bb,402.992708
c04a6c1c190e47ec62b4bb139921331a,ca3d75df70f40faa8b83505b242d83f1,d3abd72db4f9d182cf59e936ef0baf5a,398.227523
4962136f755981b83b03f476e66eea7d,89f586f0cbddc6428831c41c8c333c66,dff8b1ccb6e61a785f9fad1cd48df4af,398.143924
01f2285f85a1c603eb7ef755ad311769,546cd63915b3ef4ab92bfb85277bee75,81a9ef6a0791099bb5859d0104f94dc9,397.007419
4facc2e6fbc2bffab2fea92d2b4aa7e4,b9b426ab253dc328825da35f1bad83f9,77d6b708885d2096c60a2c70d6339b47,396.456655
2b5ffb4c42d26e466ad575ecce365aa2,8ac915a1f508baa87e8fc8d596aa6fc1,9eefad52e5b37dc3e94fc823d63057b5,395.708137
e43c9920240823d6c97bedc723c25281,080a96bd106fabe8c9a74df5cb5d8d26,8e7c4bc6f83390fd197e3494442f1925,394.951435
8fdb30046559b506b2ea1588cdfded0d,70e6517f1dbbc45684b77b43123539be,d3dd51abe467d226f8be61f48388eba2,394.507755
3e6658866cc636c1762c080ed56f44e6,9edcbab43a1784c6aa3737a7f2fb5dde,94fcdee942970d335d394f37a3b23ada,393.157477
5e0aa142dc4760e62a74c1830cbf91b1,abfb34ed11820c7247adfb30fe5bb7ae,394961b2b483cbcfbe249c1634babac5,391.766435
282d49fddab8e95a8673a2a90072cf5c,2189323f24aabddc8f324451eb75419b,6d2a7ba931fe7a8117fc382e5946832d,390.219850
3fe3e628c6c7a15ae96416826a4c5952,02a059e99249511338c51476bf3d942e,a733dd756bea706319508beaf3873a3c,389.900856
9202421110f6a19ddcf0b9b93602a0a1,0b65284a1a74114ea029b7676fdc1ba3,49e19ca07e42bde08630a08e50ad980e,387.551065
baad97a77fafd04f72a7f874dd67b37e,d3f58dcb7705f30c2257940517740287,90707a3b41e1c6cde0740f9754490e92,384.669086
f0ac405c280fab1d087b8982e7801b54,7599f0394aa4e7aea57ca87897378014,50bfdb0627807130b8f989106c985a75,382.846910
35b45b906d1450b3540dc96692f58583,6ee93b768b2ece278852a25fecf3eb03,277f0bb8cf28ee39feee7825b5578c34,382.774583
f019bdb8008924769fe88319cddedda9,edefc0fa09c98cc491e9d2cf95ee4a5f,b345a3528956237e1d8907b94d5e5829,380.668299
9565b6eb599caea334238cf517c2408b,e19e0055828458457bb47794c262b00e,c4cffa375b754170e9823a1fe9ac75bb,379.323970
1f2c5059dad2c277b3b338163b49ca73,6199bf17a85a73b61d5e43a596b95b5b,26227999b191329fe62cd797aede5270,379.267685
72421b30e46c895e99e8560a48a33fb6,f1d6d7277ac0980ac1b522e9502d87c9,c19e5e606043fc8b33023f0b377e2e55,379.219954
69e4074cb5368c1539397e4ea570757a,9abb2627b40ff1591e62553894e6b312,fa4e26319fe4d40dc11cb63c53be6355,376.219954
60e6fe581610db699ac03fec61f4d53f,1bf6db71e147c950fe9925e0be89ec4b,3120b7403aff618e67e9457cd794c0ad,376.056956
f3d7cb12e7dc54a424d935aae4426461,af006979017f225d80e49985aed847b3,bc29c5fce9c271807967f2fe4cf289e5,373.890127
9c540c186d344c460d85726b531b287b,e6802927f05b68de2a6b3c2079fcd830,ab010289ce552581dd007c7276d4e276,373.563866
549a24530925587e2faddb35f667e458,517ff48f259d8b8c702398a25cbd5450,ab208b143122e9e71bd46dbe322baf85,370.383889
d05fdf65460ea1bf8735cd5843c3d97d,618638a7bdca22bf57e7404dacd947e0,364f6a92b4afc67ac3104f92bec22ba8,368.658854
efd22f5f8fc7e5035a4f48bd92c0c69c,5f5b21953fb3ca7d0ecdb72d5625d59b,88f429aa6b53507756ba75c293cc4040,366.850336
96701d73665eab8fc6fecb9863266efe,d367a93b215e8828942054fc3799c834,1e2086f9f7f6c651d94e82b37518bd11,366.157396
4cfa5155cf7cff8eb15e0b12041d058e,5fba7c57daf631028d2a584c52799e24,73efca6402c1b6108195348448d76147,364.975683
aa591348866497ba6bf83de62e4f8813,32f7f9fd01c6b5592202b48442caa441,2f051c48f79c5d8bd789e2f51f24700e,363.047037
3ff874206f1d7d1e3ffe12bc9c88c27c,3dc6e749cfbbd0cdcd680baabc83d5eb,4518ab57ad7e9009e40b69c17bc005b4,361.203461
5faabfe6772088c4d906b63fa81ac63d,7652086d66b18b3e2f19c1a28d6cc670,c65c62970b6f828387d4db9a25361d96,360.252106
32ea3bdedab835c3aa6cb68ce66565ef,3b697a20d9e427646d92567910af6d57,30ae6774935cd2a70fa74306f407495b,358.941192
b4be8ffe5a39196f0098f30316f7d7a1,0e7ce85328efacb39ce2cb345850b969,7ae97f48d1e1624e8baae4a3faee4837,358.462338
77e223f4a031fdeb1650e797bf4c692a,c91bb9b296c26b316c8acead6501905a,14a51ed90079fbc00365d6848d837ff3,357.768495
0bbb42a9ca8179ccfce14a11d2afe6de,9fde8604e48e3fb51e7768a2c218b76c,b2673ed6360dc341a4728dbd632f935b,357.039271
69aab61687fa416ef601af332bd0ff0d,6bc6b07e448bae52d248c4df401d6157,7f63d30a32c2ef0e63febfbc91b9a132,356.134363
3c5e1130694632f44051b23fd86ad9e2,cceecfd4fd8a5cdfc10a03fb86e1d5b9,a9f2b777e3bef22265789c831c1bec2e,353.876354
954456f376f79dfa36460750500f7dc6,65f6a8dfb1cacec52fa3c48df189b80d,5b4251adca774e23a1d0d74ae856a44c,353.835556
1ba713c8258f756279a049018ce01177,eb17935134e6fdd210b40a3d4f8235b2,20ff9b4b339b20ef47cfcda736a17a52,353.461042
4577881f7a6c10d8eb6bd7f7a82ffa86,b26a79020606ef73722d450c8458f9c0,186a0845cd1b679057c8b0ea86931e2f,351.025625
139093b1c6e7e3108ac0469ce43bfb99,0b127810f86631fa896fd74a421045f8,7f8d9a73c2b510f9627ac02f1a79c789,350.637986
2d5e5796e7901464c00407e69739c6db,9b53b66ca7d27b4c0ccf5ba89af00bd0,06cd9d207dfbdde70cff4074b5b3dfaf,350.291435
efb164704e9f4fc3867f6f59f5f6dbd6,f6de04d6952711ce456cf1a8d553d313,6a978028a892efba783a6f3be848c512,349.281817
345759b8cb3d30586551de1ca6905df0,453d23c01dc7a572130a7bd307202429,45acb6840b062e10dd63454b19ce5212,348.152836
0942eedfe0e865b2a80419a14672286f,2b2b7a9693cc4ebba06693c88e6989d4,a48276e53f3d5d19890051a4f166a71a,347.627477
82809cee3c35eb89b4dd4d2d1a22eedf,f21167a5141522821d54a766a2a54ce4,c46172d2acb91b47e43297edd9d8b3ed,347.390069
7599dea7f7520c8c37351721ad6870de,bc08ece5b2bd05996f24170097997d00,56ba89857b4e6eb192108f310a81163b,347.103056
8f6ce2295bdbec03cd50e34b4bd7ba0a,849eace12a4c38cc5d4647af9f942eff,ab64dd52ffac216882def99c2768daec,346.895613
9194f9aedc33b4f984bcdcc7da7461f4,19e4266dc016719bc96212fff65532d2,6cd3f2ca1a0a50c0500752842d4dd018,346.120729
20ae758fb6688386d9d1540f63d380e0,ad4e4232930ccc325c9ff5017caf7486,05547569f5543318997d30464eeb74e7,345.000093
0a5fab743da859b3f10a409bbb132a5a,dee008fbad3f3868874dd10ab5977b88,73628c6d02ed8f6134d9752cd7b83c2a,344.617188
ada6236b6bba2b0c3588aea846e43afb,a3680a328f9d1e30589963d953d29d61,80bef000a2d88b3b23fab45c546c67ff,343.473681
976a39626eb2337ee3258d4ad73f1543,765e82006189100419015233bf26be8a,b785c9a36593879a9109ad7539f2467c,342.997106
10b58cbd6607267fd41812614367439e,f85e82f7a3b6d26dc7d16b7c2c39b31a,8a089e8bded26bb207aa04ad5791f91d,342.979375
c644c379a96ef9468f073699ae37a84b,e8ad0b1713c8caae74f6da945c60d9e8,3018245b4917c2d6e6ad5deb7a5cc600,342.877072
719f18245d86356b20dbfc6ebff6498d,7575f0c5a89cdb0c577224d9efde0266,9ce8edfd64ca03e850463ed0b3d73de0,342.193912
c17526359e1068290ebf7dd22a856de7,bb0607616e290609d11b67e040b59c79,166e0843a2272293d75ba8d81804de6a,342.000764
98d9a0f7e940e0750fbf72f9aaab1210,2ff94b5adbd4735e19153ea5bcaf8ebe,51e165f36c599cd6ae24f289356abcf2,341.617593
77784ec016bfbcc51d2394d1632f0d3d,467e12527db98ba8ff31b60f0a2cddfd,c7dc7be67e857a6c64557d42383dec8c,341.351227
c0842fc6a034863db2d8479df8435492,b0e9f35ef740c711cb29c8d779388062,b05a481ceefdd66e3102bcb9549ad2de,340.742431
b643c19d91a65d73f94ba8e037668986,21862ad09cda6a079859cb1fb77d5da2,5c6c22a0e96822517dd3c5ee6cd1fbcf,340.187836
495fe7ae31686381c8145b2936e761dc,59d02be1c50fb6e6930cafd6ff6a31e5,dba5951df5e24339650c2552a565ad2c,340.173356
31d332d20895c5c0baefe55207a0fead,22f469f96aaa1fdd00d0ac66369a950f,4e285df63acf5fe19cbb76253626fe8d,339.134306
820e78bf5449cb1bafbc56095ceb77a7,9cb1a5b9af2fa27ca6a510f64245f869,34a114524c5f794047b202c0c85f3a17,338.051146
a783997c6d6e57782d4d2dcbc5c9edaf,a3a7ac8f07fa7b6b6d24e489a43b479d,3ba0099be6c2011cb3eb986b4e0a8efa,337.778252
12d8b5ed661190a3a08183644dfc504d,3cab5c70f370e7fa810658c551f8e2ce,7c952ad04bbf75547b59e530fa2a30d3,337.180231
57c6a5ac88fde55944675cc79c4d5db7,661c0c83032f531b95828bf7a106354e,ea698ec8b5263e156c2f1ce2e36823c8,337.093171
989aabc133cd6097fb2fc9c4a919af4b,dc549de29b05dad7e04a830974bd9278,e9b0fa065e571c5a22a09c8d3b7e8fe5,337.000231
580561d937f063a0c4ffe1e4832df2f5,4e1d5bf07ad851a6470d6b28cfd1f1e6,31a5a68f9d077c999f8b5b3dc297989c,336.809479
0c8286526be3a0fc8f50b7267db95035,79a9149e58ce62bd439a996268d1c8f1,d2d9d607f76c92a3c0c85626e59b04ad,335.996400
c658495c41a24ef33a852db6840738a1,fc0973ba8c96e67e0cfb458c1bac3a6a,767f23439c8a87792b7b5b43fc057411,335.186053
374fcbbfcf189ae177b2f955f9e74b3d,6b1d0be1d67ed935bcaab8aa908f2b3e,a862fe780f3ed3292f7835882aad00b3,334.214896
a8333c0243253bb6d89193af79807384,2592a2d249009fdfd066161c0c2a726c,b09b98cd6505e67b66c88ba47a602531,333.967245
878d1683076172a5b7ffc7126ba99acd,afd71840756746edd2c71bd69b2e904e,cfa24f77a1afcf0827e88b162f7cf0b2,333.792778
71bd6ff3f70090f785e26643f22c6484,37a17c5250faaeed1cd077f903e08994,079b09f210081037c1f444e2eaca1e38,332.781400
580e86cc6d0c8eafede3d6f2fa4bf9ab,56e857607d894b7e1d6bfca0b5ebb9e8,be3516cfd69d1605c44c886aed8e553d,331.240405
8f4968221af78d6f248322ad465279fc,2ec97dfd085ac4fe7b1fa12819d9a36c,0963806fc66877ce2fbc42be9a91f3f1,331.035486
6428403ac3b03984c38fd083fa1647b0,04eb8bac62618bbc56c582cd49493669,6498d67586b0908cad595ae0c3638205,330.962546
c76dbe63126a89c815fe9716acfdb4a1,5cfaa2e60887ab4aed7d4e637efe2156,d7c9e609272d05de1d13cbe04eaa1a13,330.832928
012452d40dafae4df401bced74cdb490,ce2b4f2836d78829e4796213d536101e,e49d0607832db7c3b1343764225d8df6,329.559757
d83257348027bd8c59a228cc034de5e3,82d1cc65b6ffc4c9eec8803be7132040,9433f58821239b782c8861534af7e5bd,328.937940
82532fe90a30190fdc4622143d41dc15,40b6f922d06bf5d0ccd2dfc2df2b6a50,3b070195d0d1272935abef5e1dcf0c9e,328.884317
7cbf84875196ee1d04dc880ebbfaa7ef,a947b36a514277825c11ad6c9bdf4b47,7c6a400b3bbaff6cff070e8c6cdd17aa,328.650243
124ef8d5acc80858c69d34e3e08b572d,91f1ac61a8e729f0c88109ea99fef51d,05426618bfbb87e04fdd3a60a5bfef38,328.138750
1a281fe9f53ee457dacd2c9e8ccf861f,4aa4117ef80bbe1e9457269d73a68580,d06755faae98d8d12f395a11570f10ec,326.575093
d27295915d486516b99c3aed8628e83b,698c554458e6b44e6f2f1450583c2547,09bfed54145e573d48e1685dcf11fb6c,325.722928
f733f4254cce4a375a82258c272d1549,13293961429976917597dafca90e49d3,2eb63f75718e0a133e1a6c7d14375025,324.758067
525e9dbf2f675f893b9f695d5ecefb31,a7dde6878527f0d1731d370978ba2849,3f04e710beea0fa7c09842c227f005ad,324.356192
929f67fce8f269879084f50385a16354,b9d7ab4768e51e8cef0b77f21a40b444,6bcee650c0948a4d061fbac64d157ba5,324.084306
9b7fcde05dd369caf4dea1f04ed39fcc,8af74b9528c1d75ba1b3e3dd0af6e9c0,ad005b5bdc8ec1f3085f0967211207d1,324.061782
574e36a816bf7a295404e686062fc0de,325c8590cc232d3faa8e49c293e7ea2c,25c0762610a416a21571e4ab3cf179b8,324.046782
91d0504cf52d3f76b154c42d78979f39,b0b3dc7e3c7cdba072b4e086dc5c3cec,640cd45f7639ea623c321536c40314d6,323.686042
cb4253d36367737b6baa4f8ca58fac62,5784dd3f2dfc12119aa244a42ed18b9c,0635e2196d30b3003d5381ca15cb3d87,323.569167
fe3e52de024b82706717c38c8e183084,3be2b1040cee4f1c19a48c57ca3d2640,54ba74414bed49a8b13864b3e8666f57,321.964456
3b80d2592c113d689c05232eb90db0ff,1e90a410c4be85320d64e5a0cbed9291,14cfc006132ad861a3d1b6c7bb9fd8a6,320.663669
556ffcdd6185be1c44ea83be3b1b5f86,95b898c9e7cf03e527bd45abe58a4d55,bce6cf2e08df303c7ad2f89e5a62083e,320.229618
4f477c554c5bd165f95d62b409ac6425,344b189b705831ff56d313993ebdd789,43dbc670fce72c601cf0064c216cbf02,317.952951
7993617f039446d209d529ac9cc03f1c,6af34422605e4c1a3e73fe06c5deef22,2417db4d82cff6b4bc6ad4da31cbb102,315.594606
dd47740f3c285d15d8c9c72fc204e78a,8f50ea351cdf971144474e5a4aef9dd4,dfeb385531b47a17e24ab43992ebf15e,315.123484
6bb0bebc0758e1a834cb5bf96b6d8feb,3c276467cadfbfe2f055dbcc62e32b2d,4978579248016c3a09d6dc043bbc4ae0,312.394190
803b4fc75d3fe8c5dbed83f50b3fbd8c,ca67ed4e41d10ddfede1632c9ccc1c8b,aab255ef2ea7066420316c7ae7094fe2,312.164294
952bdd2866ddfc528203799b6b7a24e1,5433a0ef395e151f154279cd3fcde661,d6573c37b3389e591e6b1a8e286eac99,312.002153
ed4c785e11a78a73c48fa3af98008292,b8fd80779b8e6a73a172dc448cb0a0a8,5b9a0e4cbfc2d6a1347472c847a4a4e1,311.911806
967ee07cb69460a7e1d42c7747142572,7b4fb0197b18a0fd0e75f9e44b3fc757,2db27b143f985b40640f72cb16a95f29,311.747500
e1b59a2032b34097d0c1c8d320f40832,bfbf87cc2829df6adac299ab0cc012bc,0e6cacd64f68d4bc8b0cd488367ac297,311.038113
816092f5825c3e2cdfdd4af546d4d04c,1f2c730715e25c512d5beee0f697bedb,2b62c1f2514954fe162667774af50ba0,310.655046
9bb5ee90bbf9e5dec4a866a9d1117328,3a1c434d917a8b25f7862cfa17972aae,9996aad294da648f199033d51534f004,310.285868
03d4953a455f8489e712ea80699de878,6c6c1cd344b7aa200899204dec8c4a19,b61519b912ded530fcb3fcc9103fcff2,309.859074
3d50a44231c2a153219cef76ee3e445d,fdaf98feac227eb978d8f33f36e0231d,3c5939ce763419f5942f27acffd072e6,308.981817
43dce1c46f91f3cd233905d0a8b19153,a15641400fbcb7ec727c8f5fcd9ae5f4,989d4dc670329cd432f4345b25194cb9,307.996030
099fad9e8f7dfbd0412c300bcc697e0b,bdbe67b7e2faaeff27efc72ea1a1bf0b,e3bab59cbada81d5a3df124e0a95442e,307.149051
94374f520fa9fe75d477ecf113cae041,1e6832ed905471e6aaa1c8e6c09186be,06c9d7fdab61bfa60de3edd9ec99a28b,306.868495
18d61a27f478cd6201df948578f814f9,95f9d289eb0d1034066dbe1638e696f7,15c2d2803c9a7a4ba8f528a65814848d,306.111400
d6903bc66ac9ae94d0bec00ea5c39568,788dadfe475fc16d5e7562f1a5fa8e82,617aa5cf4b76fa15872c99667d8cc833,305.991944
d8ad2c0c09bb419ee20bbbda66ed6d9c,ba56a5684dac89a26445f7aca74c556f,c01ae15e9ff7192925a8aefc04b3672d,305.982303
0f9349a9da479b7e02c4cb4a0c73fb47,e9a21226714589b1cb43d10c0a8cfb15,aad7d7dacb681055d348e02842f0590b,305.143067
3e5306add1209e5ba184092dd1587282,d8d04eeca6703f5545f4c25b8ace1ee9,d17caea6a555b8d399674e0a8e600bfb,304.548194
d75a854dd5534f42bfac3299ac2d0b33,4d178c8435a1d6d81ded1bfde1083628,b0e07744a89c97ec7dc4be61ddf6a5ac,303.992789
688d5274462f91fa0332582b748ce41d,376354084f6f8ee744a474abfb826ea2,a728ee4ebe3964a5a4ab8b0409eaabc1,303.037743
2878289928927b75d078057c8d91405f,a52afc640f675ddcbf056eb1e7967bc0,0c01f50d13b63f9c7a1f073f51a45548,302.820613
f113042ff356f926d517f3087d4a1ba8,00685d31ae12e47470ba5c18ba74f22c,fee65893d04eea449ea85e69ddef8e1a,302.623981
beceaa52fb2f761e647222b3cf7ce0b2,140b263288af3fc4f4b00c207639b37b,0b50495c5cfeda8c9d7abfe80aea74e4,301.181759
a66315c850c3712707754c1eca7a8069,7d170449ca92e7f9c69431c2e23e35e3,e1bc1083cd7acd30d0576335373b907d,301.080359
071fb07419a29c8ba143831082e0320a,b3a8fd762c98dce0277b24a7dd8cdfbb,96579b3ca52d82b041b4fc2be5ffb7a9,299.978831
c36acb527b8f2c464abd036b879f4ec8,ce648a016d0547e13c8cf94449256982,812b6f6a1efbfa5beae8ac07617fa0c3,299.976701
d7b4f3c9c89ba771ef099693c61d7085,036b2855a4c92b30f0bd1f3fc0f46e48,373e8a6f20402ca46cedf50241ed878b,299.914201
19de4cc79e2c2986e70b155b7631f61c,71eb50917f5fc3dad71d5db670959dc5,dd50addabe54a9c924c82e73c4daac41,299.639931
bbf65e7823171a84e70a495dd6c34ceb,65bbd0719855fe808bb19f62dfa9f42c,9b75cdaf2d85857ef023980e15d01546,298.531331
6409bccd4062c7105e9fd94c9a72082c,d48af423b2e9d7e208f37ba365eebc1a,4adfbdf6a5a3abbc6e4ef24e48d6ef0e,298.525301
7828a4a1ee004bbe6665cbffbc4bf2d9,8b19f852c0580c73cd463337086a312f,89289862108c78037897ba5b75f5253f,298.467905
1b6e96ed99cb8d135efe220d761bbd67,b41e372c4fbebabe98c8f611039981f3,92c15142e314731cebdb5b1cd25962ac,298.393831
53100f780630b0755dcdec40f673abfb,e69c09a33d9b7edf03204eb2f7e828b1,3e969ee3b96e0dfbc5541bb80591597b,298.159271
e14b8cd578c1f576594719bce2ee1aa2,228ad7bb45b5912a1c70a68be5d4b951,35253375b48f367b1d654e9b1d762ea7,297.812384
1e0926e360000226b237bf277aec3380,7d78faeeb02acd278e79369a118ba6a6,82e4be23c247d0fe56f0fb757a26ccd4,297.162060
0b3dc7efaafb0cf78a4796d42fa8d74c,60762802b48bb6d256d55b013d115013,24b1c4d88fdb7a2dc87f8ecc7d8f47f1,296.781435
45cfc55a4d5073c50be858369454fc0e,e444d35248c6b1c8b408719cf0cdae3d,421b4ffa3b5162cfda443317c902f866,296.689387
6084496782926c56bf04c556331bf884,1048ce07df6dfd9d7ae971bdcfd03d77,07279e06272270e7cb604d1901a4f374,296.401840
45ca4053806ecd0f595c633184e0ff61,8ef805f6b95cf7f7e95c49e91050920a,0a53c1150d1019fb4e5e6224e887011f,296.152315
330fdaa06f93c0c6ffb4af7d79c1ef12,7e746592e95b3026beaecc92855b04b1,7a778b7745be3f801b6bdbd8d54da6fe,295.943403
e374f0ed9ec35b9af339460a75c4d096,fb0a2d22a8eaaf038ae2f81e2174c16b,e7336e1648bf13ca6664c8568363dbb3,295.842072
f7d7fc0a59ef4363fdce6e3aa069d498,6808f7954e27254ceae6640f4e903775,0b7cb1c7ea62d95ba39702f4ae850108,295.242535
d6caf670c8bf91aed723f242cafb71c8,c35c0040e09990a95e79c617fafe8c10,012b3f6ab7776a8ab3443a4ad7bef2e6,295.068113
f96be73d5c1d3bfe8fcba7924798ba91,6a45bd0eaa9f36460b442d6c149fb97e,bfea95ad916f92dc69b5291e6827a01f,295.002141
2dc7f51f05ba1b1a92608e45e55d1fe1,679d507dacd35ecf587d994177d06871,01bae920aea13b891b50bc1543634a65,294.963206
54bf1780705493f3224d73bd48e53186,ef0db33f981ff522a3a3ad0212e9148e,0c02a4cb5207e682d63a1343cbddd13b,294.860880
bcabe34e299eaf51bb601e89401e25e4,55a3ba5076175f9373b20f92dcbc5abb,697dd6059b52ae362ff66b900faebc21,293.649907
130f4a32887cc549621b3c6cf36bf77e,7715d67827702c066f8a4d2d638449b0,145c086f0f81f9801a8acbb2c514644c,292.219213
76c9a12722537319e44c31e70b7815c3,06ff6cb289c9f1d1ccacc6764874e3c2,67b47f35ec923e39f1203f3cfa80f5e3,291.821030
6871b052a835417d6d2e11153e0d3c2c,e003d94282e5f1e45760dde794a8a173,f0089d43f99d1bc295c05699b4facbed,290.752326
2d49eaf79111ff286fe657aadbed5a28,793c2f0661686b1d7e18efec8c4b43be,9230c8324320aabb46dcfbc11da845aa,288.668565
f8daef44c2589a488bfed29f1be8396a,91fbd38c414f6f3a3450d7e5aa6e10fa,fa79d81a2b6991398dfaa1bc61b586f3,287.857222
02e4c56fefa30628768ffe326d332e2f,949c2f6937345ac501a7eab23b97bf06,457dbdc9e1ced1274472af8b6fd00be8,287.706632
8f2fa110f45a5b5592f1593842b7e87d,239960d8af96f541e9a7153b57c0f4de,de90c6becfae7b59fc7f1642e8578a17,287.200845
b64064e3ae051f50b6f1eb12552d30e4,cabad88da7829d30f53a581fffcd6eeb,9fe640ac4892a1b6b6088af42aa17d83,286.097604
f1c08d13b8520a6efa197627fada3a56,4b9359b6bad98027f7a428063413d090,f1e56e6888d31427f56814ae6077aa45,285.935394
11b47516f8f6a42105b9807903ede333,464b622b9d163f8703cdfe7e0f24f8fc,d7ae3c10c3a4c7a721e64ba401ee745b,285.236458
e4971a4defaf07a1d7f2ff615a32c809,69697763300040978b1c88f1bb60ad24,9d8a5f2bdee14c918feed8f8cae3cf94,285.065880
7c5cd64106c9160122fd28b026cec28b,7ef3a4439f550deadd7bc3891b2f6242,dcb668b21e7c36224624fc4b4ddbf0fd,284.028171
e4d18909afd252a0289765acc614d3e0,150161e8b962f031342e9bdf81e414b5,d4c6aa2277352d92106b387b2ee13839,283.487998
9935b7e2683de890a208026f020e54d3,70a25f8b804c7e220927839f1b869626,77fc7da5ef4df2c48276ae832072dcf1,283.391678
719b416ebeb9f51638f343c4cc19f742,d5a4e5577531dc95e5539e0b2bdac87d,e51a9885ddaf8cc8e4a5f760fa7992bb,283.153032
ac3dcee918e6c96eb2ab467158143697,deb556fbebd4343315d9ab970392674c,7189222fd475388e5619a2bcc20352f5,282.149282
3be412c1321c061d6f85c5e41530ce2d,7f03a9c134207b5f149bfc911469608a,f0cd656fd53ad367dc70806501ef74eb,282.011609
91687e2315fd578c976f37533a7d597a,52dfaf3e430903d40571c0eb44d324b5,e4d23e4aa01e7ed940ad8a6c2e94934e,281.960243
4bbaf6f7a10a7e26a8777aa5cb6d5864,804f733828d8587c734a1d8fc5634e06,a52f0272f9150859ede915bb2eef1bf9,281.353530
071bb277b0146da77fac31e70657815e,37e32b54f25d2472acbc642f7e539a36,e3c67a4bac0845d3ae12bb4ba0c667f9,281.257037
3daa1c97a3155484f70c88b19c90dfb5,680d7235e89a19239f2562d940e7c86d,b2234f06bf32380ac04b30c21561efba,281.208912
409379e6e577c89589dade402e6c2522,f8dc82b0d1ce6633002e0e0d2d17282f,f4eac8362e4d9737df507555b8894b68,280.867373
a2eb3545fdbc2c6687e8d66c78c206d6,b6f5e3bc6360fbc485ff34695b7b3fdc,b2675dfd21a0a28ce21911879651b4d8,280.790312
18753de7f8b65856d23473280e71ceb2,789a3ab8255ec03e8e36907cf6d688b7,a8cf8e962c524adf2aaedc5a876d0ab6,280.694190
b56c60ed244eed72ff5640a41bf254d5,cfcb1e7c684257721d28ca81c394714c,9c96fac210f67f329b80d898001fee09,280.150799
1af3dcbc89998031651925e3994eab18,a470178a33b34c1e9a3f2eaafff55763,8336334036e8b201a6013cebe4ef9d07,280.005301
2767f1bba0529fe3f48378c05ea40f0f,0666806082c797ed8410aadc2e08f286,c92ad65cfc1951e1be667976a90d49ea,279.904479
6832ad9ac97f82c7c5d614fb8e632e7b,fb4fa4773ffc0092558abf9097750a3f,09c8e71060b07326dba9db865f46881e,279.300984
6eb453dca2505def092eb261e3a3d8d0,982fdef4d624e5de5ab3906bee28fba6,dd812caab973d1343bb8acb37736f55e,279.224340
e9e9aa9ebf0957826090f74c9f5fd4e4,1c8e00e4aaed0f2b8d35db6abcd8e512,317fa0bbb4e4778148c67db78acaff49,278.962234
7b662d846265cb0ed144db95fe0c74dc,43ad25e09be659b55ed165e2dd94f360,082b39e89779891345c6ebc6def4822d,278.233183
25a1ad8a564d758f233c587cc657aa4b,ef9e99b54f2c9f69f4182e2c5f913061,bb5ce7970b8f80016d81488da88bd924,277.039178
b316e256ce45161d3ab81f74834376e8,0ccb884361ec00003176dab0ea647f59,bcda98e5747cea8a343a6af0e5da9f91,276.530498
f72d1ee92d55688d07ca88506300715e,39c5fa1323927c658f09038a61cca654,885935156ba43094f3ae95f3c14e0381,276.169259
4827d6a02f010b9505e4af04c7fac522,656990431532493653f3cabd289b023e,8e111be7da8066764ce7894bc1623c69,275.005243
c499023d38f0db1bcf3db96b3c8a5dee,4d49d457ad5fc517a2a6f4f9ba232067,68530478f47eb6016655d590a05fa853,274.987662
cc2bef54fa72102dca9777ff483f75a5,110f190bf49ab04f3ead4f860570e902,707c884622a611c1c2c7b247c01f0121,274.959583
bf482716881b0c14af9efda1fc58a649,88d83c164444378e37e1805e00984342,ae11d192084ba3db24965f271590124d,274.182905
c6b2ccbe75ac5addb40fcff5db96a5c1,cc40ce12255e937ab19d9124f4d0d56b,4d0bd88af1748e0658ddfad3100b2958,273.995694
78e63ed7c16b6a93bfdcef66ad250a00,025321e4e9674e090b7bc101f9c5ab5a,cfb3e7072452d771156c3fa588c1db10,273.520127
f31ac54af6af7097bddd1053011e7a3a,d967b02c8e9ac87edb380250c652a6b2,78e669f43077eded2d55ba9455560995,271.892373
f9165be8a411384aab9f945394418a0c,3668ab500cf3bd43c55190cd48dc1925,dcbab7ed24e477a8dfa72d7f67ff6352,270.919792
75ff587e87e047a7e00f75bbcab17c00,7b177fcb9ffb753496f019d4ca317479,da896a5afe7d1b0ae249c2c0bccb89d3,270.571933
e016365b624d1755f3e2d0e8f1631ebb,cac62199ea603b63ffb529a162c596c5,29062384ce4975f78aeba6a496510386,270.143322
d24e1d0902dac57dd313bcf4f9c80160,c8947a583ab9791a5a9d02384cb84302,cef4e03348c70c1c8eee3647083675ab,269.947627
88fcb680dc8cd2e540010c0750b78242,00772b2af35643653f108fdac1155ee3,eda613a4e8989dac08362e3326431eaa,269.881181
8f3dca4306d5a89e4ae2c65c110603a2,056349f85a73d794119c4286c95a52de,976ae700312f21035d33bc46158131e8,269.831111
ca55f9ebddc988ee65f4dea1a93ebc98,602cbc1dba09db685a591cda4cb07c56,85b1f22218c7215d7cfc05e2a3800d83,268.584167
004b45ec5c64187465168251cd1c9c2f,90ae229a4addcfead792e2564554f09c,9392c5e72885ad5aba87e6223ca9838d,267.313484
5d63628c95182301765aa1482b0293aa,d885635e019669c17658a0f898cf7dd6,05f8021cf7217f1990addecad0e24b7a,266.883194
7fb211f99a01b4971fd1e07e3a256458,61fbc4a76e5b3db28d2dd737ace32716,bb4eb3e71b30365a580e5a718bd8d1ae,266.666377
28ad66c8baf13c85d2a936d0b06e73f6,68656d23f76667ee6ebe117db63ea015,2942d87f97c462f2c402070d7e2c1882,266.341273
b9fd889214fcb1a45e4cd51f5af6cba3,a5002a450fa93774a5c3f26f67889bf9,4437322bbcfa3948b387f1e5e3801a24,265.997986
523b7915f240831d06b34ab9b804a200,c12ae6679912cd8f6ef682d8d9f1fdd2,d208c0e6c8b9829a4ede83ff0caa36cb,265.948171
d42d80a0e58167c0dbb59315c93788bc,5ffe81e9175008222d385b418ef51a6d,c27718d838f42d07a94941a8d34843e4,265.927164
99d697dd68fad729283560abe0adae43,8ccf9f0aa61387140e1e58cff856f9e3,45ac1d4b219993bf334080eac1585166,265.758299
2a36404701b15c414647a2ec2102baba,66b6c9de0e92006f30f97b90313ad624,6066c3889ab8affd2c01906b2d3b943c,265.352211
070acf4df1234a6257809e4e79644481,fc2010beb548588d1543ca8adaa132ba,1349d7f4ec671ded42f2360828965692,264.707674
3b92b8617254e581d164b5d213d437a2,d7d3d5db0f040ecfad8982f09f73d075,66aac47537a2b6a195103fcd5690996d,262.809259
934e91b0e98dbbeb3649cb1091cca051,ae16a4774354e48d2a9a8c43c685b30d,7cefff4bf786909dba88110841d3b39c,262.675312
abc9e5b32caf6ec0c8fa356117b66d66,5beaa4fb9b23df20297e10365bfddcda,52064702688c67baa4242897e9136b5a,262.181424
acc374bd9024806a83121b1d2565db2f,0743b54da8ffd8f7f9fe79fcaf006000,9cf5e2afa7553fb777a59471a72cd2bc,262.145671
d0175fc564515a47e95bcfdf40e6bc07,af5d451462c41ba96112208443d3b4c7,4acc7f665ca9273b5848f19cde62b6d8,261.999213
065938485846aa5adc196cb536de42e0,945fb6d37a9ca75061ff8741ae8c19ab,27716fa717ba13da31a469018472088d,261.894630
857104e1bfb81cb14e88ff07d1b22c70,987d15d9243956e5c58e1f2bfeeea98c,fb0c01b2efee313f5231a89c4a55e498,261.878681
a80bfbd1e59358c3afb4b2980455f171,6701aa5b4bfd2579fa419b7915d3daeb,41ecdff9b0271b1886aecfab66d5a75a,260.217789
6f59eba24fd00a27069b57c896d8899a,bb39656e25b904a5f69ff53ab7d0d9e9,04b3135bf087618b410a00680576242f,260.142986
d132b863416f85f2abb1a988ca05dd12,44367541b21451fc1fff30873b2cd899,d0a945f85ba1074b60aac97ade7e240e,259.279688
327a01a6885ecfda06a3d5c50fb515c3,c3ede21d18f8a162209aa5c1eecb0385,f0ad6b89b7bb4a740b8121a4a69511fc,259.264225
04e495a3f45df8b41be2e934bbc16961,10c320f977c6a18f91b2d14be13128c6,913bdd24d2b82e7c7448df845b0cc62d,258.997917
0abee71cd257861a0944e2a81cea4a50,ed7cabc96de8c36774b894e98aa73dc2,b8ed89bd3f1fe72244f0f616acdc7da1,258.994745
e4951b10e341a56871ef584deab3f2ef,7f3377932727107412b17a48648987d9,ac6f2372fee2d8b5f63bd2387aa26a28,258.070567
2be5dce8b491a7bc6a65d6e91bf49812,e214dd6d50b1fe9b3d0570441893f807,16de740155e4e909578bd90826a632c1,257.939213
d0c62583f73531eba6338b2390e7a861,3517c4c24184e3c518a1c8319dc60765,da4b750c427bc88754c6c019045f7536,257.910370
c4de6c1719eff03b6d30aff09571e272,fd247854b1d057cbfc280fd673c61933,55c5a129994903e122566941b7c4189d,257.836389
29f8e372b3b1d42ad2e00a0b976bfc34,4dee0af7a42637f58cde016b73d93216,87980ebda651df2ddec79138c0366d96,257.278588
1fbd81e4d0a0cf9125ca038b43533b7f,73696c4354b75af323cf793aa474acfc,092ae7e7141e3d69ecd0935d97e14fd9,257.063287
a0abd26659c9914690cbd3320d39fd96,a5f8439f1e560659a492608e370ecde2,d03ba703f83e314f2bad7505a1031522,256.312894
aaf00c4cf40ae5b125c7f169dcce2fa3,0a02d8b1995030c91c63add1acba1fb2,b90cc9e10252911c2092a1e49794aa13,255.912396
66ae4493fc7c710a8db6d9620901f40d,6d7b9cba0e798f9b68b2c0745b38859a,f797c7f21e67c1f4ccca1caf68287ba5,255.187095
88055311adcee315a7c05930e3849363,7651f70d3acb1fcca5c5df23cd0f4308,6611ba034599c08d41ef42aced5adecd,255.181840
b7474898d0dccad79a77bf2b0d23bbab,eab0944c40c304c769e5c24309caa8cc,491f193fc52075598871cfe6f19976d4,254.519630
84720447172b234e7504da52ee639435,0ac51a16347f7a7497b799596ad5fab7,eb034b8ac28dcdf7289050cf29af1647,254.348993
cd915c60db8686f9a3dc35745aa1691c,3365749860804a01bf35b50fffcfe842,797c6ff206949b463f4b498b5888e2ef,253.986910
56c8638e7c058b98aae6d74d2dd6ea23,9980064d9817bacc9e261e7f5fcf3fe5,5999d0076050549364f1df892e1aeaa5,253.142928
c4063084f01f085897c04bcbd81fcb69,eb5201600668a3cd864c0b28f54c212a,e7edc87c7e9b1ae5ef04110fba7debf1,252.805255
2e0a2166aa23da2472c6a60c4af6f7a6,d69e5d356402adc8cf17e08b5033acfb,eb4c34f6c71f98b594e9df32d8e3c851,252.368773
37266d5c6bf5cb0700372d16599a9b21,ee941f6c41c8ec03c25b856432b50153,ba70bbb6a514786b8ad805f1c2fb1f34,252.092141
1dcb4c54d17855c39899eb445551501c,6eef2bd233930b2b589daae3b4563eb2,ce399271de0275f62753cadf440e3012,251.944479
9e4accf95024aa6565ca1efcadb96752,e48bf703c3d5e80776e4d036425edddb,19dba6d1e58b04e7fc820558a38ea398,250.727338
b4d20b907a61795e8c8f3a7966c6cfb9,5a2de8e8fb6ea695b64d70e0adf68c45,61e4862419474babad164172a0d6b7af,248.752280
ce6160651998b40db0a0f3b9d69f7f3d,252882b94e763c5eea42ea50f749cfa0,702ec26902de328ad2830835af529b0b,248.348229
8dcf2096a68ce8212a3f534ab31ee23e,4ceb680ca41b58487fec3e0f33c624ef,c8dfa9b022c03c9dbfe5e0fc504243e7,247.200995
ed7ecb1bd52fef9f35d06b0f09c79539,02bbf7328b514a90bedde6541c213811,4aa2c369fa1e9993bdf69bc12ee57abb,247.192130
176df29483e4fb6ce1d6dd1c824ad72d,0ec0ef35a66b31f873f0010267d30a8e,f63731e821c4ff4415d1b434cff51884,246.872512
041caba6a63ace5818387698ea85cdb2,129538e4bc7308e9ab041540283813f2,7f2f81a366f89b37109845799fc5bbf3,246.456562
575e8735ac3203bfb92c7d52919faf70,d4c324a61d74cbf91304f5c193b5d788,e8596a031f6814efc9b04e857f053ac6,246.307882
345817899c325d8b41c9e88011a8ab43,29decd7404f211c01bfcc6d216ca6c7d,dcc97daebf3b61efe164a8e507c677d1,246.063866
baa8144c90cc484cda27858b86a32f99,33dbd2002d80438989cc32296d1a2ed9,63a2b4d7eada51b13286108f3dc29b3d,246.035579
de8ce480b6119f2835ce8ad07c326793,0d8f485ffe96c81fe3e282095e942c2e,7df81d6dcc2ba63195a6197f6362c4bb,245.783958
8689b3e15d4b16cfd05ecf597a523453,574106974d37a1691293b7342fa3d799,303c3baec87996291b19d2448f79d67b,245.390868
13bf0b4120921402dff563cda4383ff6,b047dac5341ea96271595f661f547ede,1c1d7c04efff33ea9ebb71907b576f50,245.339410
e8a63b5829f45bc153ed838ba9de6c0b,0e8e7aed5de3681d008b56aaa514fe6a,2865f21ecfed100829d47451fbff2ec5,245.091725
e43e7031cd89dd0ac61dd44b840c311f,8c96e8114dc36ac1a6e1524a8ad514de,fe6e968e3b98fa04e72cc16d58b9c498,244.986655
340d924858c395848c127b3e772b6bfd,8e642de08fc40170f87db3c976ba2dd2,e96c4302510359c340adad478ba16cb0,244.605000
accd68fd87adda3d6360d77daafd964d,b1980aff89e38cf1fd536ab4c04c7c68,e5c0172ee0cef526f88bc189213a5070,243.243032
71e1f051740a6d2fcdc204e989035526,bea1d77e861b4f44276f02d599d25705,bd67f781813f153083d633f8c81d0820,242.025845
c0fcb07a9959ae14f01bad208e445cc4,31db9cf54c43e0190666ce0c1a3d0e9a,cc93c76377b9408581cc455bd50de947,241.936146
51d8d985d769925b981b4a34ddf6dfc6,b9d8d7815861b6e51ca61f3f81d5b9f1,a68ec02f230006f4c1ed1fd0a64c23ca,241.802674
d8a89dc47bde7dc0b83a3434cc017ee1,58f06cdcc39850d51ec8677cdff108be,cdddbaf91f8abd761e51c7d5f035695b,241.561840
27259fad9054fce994a70f1d117bc402,0276bd1aea24c642af813980281af144,19ed81a2cfda88a47b2d66b801fc22e8,241.168333
6a6a7141119ceaeca4dfbae7a580a515,9afd9ae98cb2fcc3bc5b893594ccf663,7d86c611496883136ac017bd88ffa64e,240.910833
99b8ee09d642ffedf091951a7235faa0,06de165212eea16e848d38f4392d5c11,a951e33707c482b3162485996e1d0393,240.205671
ab58f2fb5f71caac6366303095c0cd41,0d123aa33c3954b2685ef6807ffc9bc0,3211a50b2771974d1a3a57054cca7dbb,240.029016
ea94f7a5177a14fde12ff625b03dcd7a,f51a08065b6699643aef19598fb9c9af,01dfa7b5bb8dcd546273e480c27043bc,238.757743
53beace9d0aa08b64d759d5f5a66550c,cc6995f103edcfb65e48d731aec60c1d,2d9ae61d3fc718533956b7efca0d632c,238.596088
b4418ae2225a81808d6c5a61f3a719ff,e247adbf2a2f3ae78387acf1c1437fd6,2f81679117775afb1a3ed7a78186eba8,237.577604
aab0cf2b7b1d9c3fd242397d73ed044b,32fb9842a1e575a59a048b0f5b471d94,9fa682b62c67e0a25f6231443434828e,237.374734
9b22d6fe1f74d6e1aefec789415ec847,6c0f95353e3e9b3daa3a9521da645453,12415173366718477ff1dfac106f018b,237.359942
7c438259d88d8eefb977be5432d761c1,99137bc9ba1f9cc74ae549cefc759b7d,89f0460c9010d52281a44ccf5a287526,237.316736
9c18cd0ba86443dce5c2e5157cbd2eff,d4e770b405f1a265106474eaf37ded74,119f1430154997cf2ea4e905667408d1,236.340914
8f1794300ad248a55eae07168219ca15,13ba09b4ffd7128425cc35a9c382245f,5529158408e1c0b045ebb99b4d2fc5ab,236.182801
2f118e666b41b76a61d8cdbbc19f7735,67b963609580980a2d4dd86c6509b849,6d1941372f0503efc3953bd3b24bb512,236.178900
6856178ce177496369e3a83fd143e621,3a2ccd64420d46c86f575892f6d83753,27b7b4c3fcbac778a89cb52d6e05255f,236.018773
029b457bd01199c39136f89e0eddcd3a,7c9ccc685465db762929dc50cff89257,5402a5595f574c530adc86dc28a8050e,235.785822
e9659b474a13413b36c7a5c1e6d7055b,850bdb83409632771907268b16c60bb7,c14737c81e2d9c598a89e4f7cb240a5e,235.142546
562b3bca5a8903b7451462b6e7aa6082,16691e34c4f0624880bacf33ccd1b9f9,2c1ac2ae4cb9b2b35618143ca66d8f74,235.113692
ecc693b513a0c362c8da8e6beeeb545a,f20f3bd3916e50fee33dbbb0b29164d3,e3a59f0c0070cef211194f618687ee20,235.042500
e38a9d13896946501404c6d82790728c,8ad883016b6266c5cbbface4f5e4ecab,a58dce7bfbda8c2a9ea6744082fda9cc,234.948738
7588c20c457369de8caad958afc1cc06,55090b3dd39aed5a2019b57cce6b174d,ac58bda50dfac642d4f72dbf95a1c179,233.558438
f25c82f041560f45f4a408157ff3a5de,a2fdb1524c742eb62a4dd8e37588e9d2,acbd43df296646b7b242d1e25b18a646,233.176782
f3b75d6f1b2a6555223b35fcb52dcf54,667e8016c1467476000d4dde127343ac,a1271d56297bed4beb42e16d758bf7e4,232.827095
49e6749fd8bf4a9218457eb19a92e200,5f9a2288d2f21704d5148aacbd3a4263,061295e635460bf36f1bb41bd54fd2d2,232.586597
ebf40c0db4fe06ddd15a7a44238c986e,bf77be9e5c844064520fc976a02eba7f,01490a4bdacbafe6de009b317a0c8bf6,232.134097
efce1ab3e96ccab8b1b464326bd22417,f2bb3a124d84782133f5aadabe42adca,30bdf3d824d824610a49887486debcaf,231.999514
71b8dc9ce21a7ca5344bde166e117c9f,efe6d4dfee60757b66595c5fd2920f10,4e6aa298577f90f026cfb1d07e86509e,231.066748
9c2014c8ebe041a98e9603375cd7bb6b,2be42939cac09105b9839ead73abb79b,61fa6d238ae5d2e7063f2df458609c91,231.055451
0aadc1d26d1c8b88a52c39a533ccea93,7aa62957446715905f98f714be58f580,ca0400dec2c292340c373e63b1c2c597,230.982164
065dcef61d5f66b30d2ee51b5343d023,0bd66289bf194ff3edb0841291f58da1,04164ec24abde688d0451ee982797344,230.951713
10d5890ed5e7ec78a7db23b5ac579b17,35de4050331c6c644cddc86f4f2d0d64,06be8b2c2a6e818814aa5416c3512ca3,230.873553
cc492df9ae61715ec0ede787f6f086d9,5b163ebdd5ac559f04d06af2069e23d3,af18c8b9b0890d5387074340f9d39cc7,230.694479
bc7b9e0d078c0c01f622b38cfcd7ee9c,276e586682c7afb8f69a92fb276dc884,0361f3d4648b016237d77833005e4cfc,230.610822
43255e3df6cda368809baa2fc72872c8,2256d7dbbecb2b03c2cb4423793570a1,44a10a741d51010c1440fc7337b5ff6e,230.590231
1041688b50cfd8ef6df6086a1746a30c,7cb79f6f40b26d3d858736252d254ca6,3064071cf67a2cc381cd53b13055eac5,230.446597
5192c897072033288df55bd01b0e5737,5c4e4e1d3abaee058758731094e9a7cc,8654cd8e725e48af0d843f5c60598e72,230.103519
9fa0a504d42412f2bc9878d90541121d,3c6631c103dfde64020db02048759dd9,f2cb3992c58b20c12ab229c53eba0df9,229.915856
2fe074ea3cc24b8fd57d29effc995f8b,77474f59024d12a846fb80577dd24ee4,f049e19134a95d09c806851a5ea1872e,229.691042
7e4bebe20140a71b34263a659ba1ce11,a748ecf209b624243632301df6c0fb6b,16ac52984591a32873cdec7382495c2c,229.542014
68f412bbb674141ab49ef13b501baf45,aaff827d79b2aca52ee986179a052077,02fc75303e2529f036cb819168fa21a0,229.467234
377860a7242c2e503c926b76ab6e0a65,262509218257310f675994ae58ffbfa9,d6be19fade8df35d46c377eaeb737f67,229.205382
61181b9bc9188678b5991d89064dd961,f0df036e9be21fc238f131bbfcdde769,4da38cd7084ce9fdeae2412858379255,228.027731
2c45ab66a3dae52960147e76a35740ff,73c21d26eefa3d24be02a149b9e69017,b7d132ccaa4a7e53c9fb25ff9979fc35,226.999306
704d4446bffad3f1d6b73a58426af36a,c95c70fb04bd13e4a063330b9760c411,a04084799bcf2107344626146b5f70fe,226.684942
bd9faf610de6660a02b39510406c8e9f,8c7567ec8e551d23654888754fef5e3d,bbed43d93838be47e3a0b194063660e2,226.135856
52abba659c0a219f8de7076dc33e0e83,027fb2504084c231e857f6cf558a9992,59f57538f2bcce08e3c18db962cfee83,225.010463
1cbda36ee89944baa7a738ddbdc4679a,a28ce0c52557b5cb81dac197086d476b,aeb656e39cc0a83dd545f079f099d7e7,224.717512
3df4912077693dc7933267da9542825c,fc4e3d907bbca064eee88088667f4e98,df156891939f37c451dfa81e3e724540,224.551458
323ff9fd6b4a3edcdf3039e1fb213eb6,823d27620ee2ff69604191b087250a3b,c7a7c97d430f40628efc0f1e41f723b1,223.827049
f1f30eb24d90309e4ec02c385a17e81f,61dd76fc641eea1c3ecc493b029e935a,b80fc187408e5b39dc58457b7db2b4b1,223.551887
26e025af2347c3968f6a578f853a9da2,6b0de1567f1212f98b815cf9dd0197a7,3568ebea6d5338487cf9c64e9f59abfe,223.135810
664fe7916cb8709c6b848383c6361dcc,85f8ffb0071e850ecba540ba938f32a9,a395fd8fe6540a26c5b301e2607a1855,222.728333
973f2fba63a7eb540f8860b0c75b63cb,a761862f0091efb27d04d58ad23de019,bbbc78f0d6afd4eb216b5760d0502070,222.446470
2a17d0a71f5910d7207819f9ca9ec12b,58626c8b17b76c4f503f07fd549f6f7f,d85ce9b0e10e08627fdc72bedcf4cde3,220.966088
e2c87a07e54c863d60af789a9233bdb5,ea90d633d13ac21849cee301594b8a64,c79900d1005d1a8fdaa9f25cd94e5110,220.922211
58e2253f083d42930c64ca32b510a512,71e44b6c5e64fe2f82234724f9ffba2d,ef18c0e65576729dbf505f63f1414736,219.265752
54732c804725f94304b9f2d1107a3d6e,6af80e57f1bc2293fff7058c7c583d46,28785e42a86823ed810e8697382b4ceb,218.969051
2004ba7732339d9be65f2236d8887ae4,d003080bcb95015f5bc092748ae52697,1235febb7f139ccf94d83ff97ae8e889,218.438924
a147b35c04951884b4bbd65a0085cf88,37394e732421fbc2891f359531eae716,d66fe524b24e426e1f20aa7358ef80db,217.856030
c9b3b24308b1a4587ffa3e60fafc2b1f,a1211febecce5b1f8faf9f5e533bd627,b32fad437a7904a2ddcafb3f0d23fed3,217.709248
e10b68125f54adc15562b1fa412e655a,1079ee0942568d7c4778bad8d4192e0e,db6fc36ce2a94f3e7af05707163314d4,217.335880
ebad8517c448bbd20ca1910bf1a33819,5958326b12eca1c2a2b4627dc4676a2c,1b4d9a7458ed02052dc6311884a2b1d6,217.199711
5941ba7f91b519d195e16e34fcf61bac,4b6aca1937b0119de6bd8be675067173,308cbbff78b182dfef86b37c94f10205,217.050278
20282afdbe6cf22d5f5a956d8b5a3f78,8ff63166365b5335a836e2e7be70eeea,8cbb6ada60ae90f4d6f76d2a7bb5e085,217.002512
0b402d6dd50694a118c642448e2cb086,a1b57552891d32e63b959ed210edad44,11302d4542ca6da5b505416f9e04f0a8,216.176308
142dc6250eac579893595d9889411834,fa82d85bb112828230b13452cbd18595,f66a5fefcb2773c75713ad0742801b50,216.070255
65663adf8c7a498b79e57ff84ab2b654,90e0a69423a77f36e6c01b0fb27b5826,bbbc7b0788315eba0f24a27be06e0538,215.924213
18186af785c301b05127a291eac901e1,bb5ed7e3c00498a15ceff9bbca9ba556,50a27906921dc9ef4b7afa6cdb04649b,215.072083
8dafb82f687e3b0dc9e97b4198b92128,b9b690e003beef9acdde2502dfc565e2,abdc9f9aa061ebb21dc2ff3e37000ea2,214.901794
388661387449408a9ab88ea55c9f1a0f,ac9c24587cf6cf6fc0276576b9e95cc6,ad5e4b37aefeac1f582990bd5f5097e8,214.901192
eac6dbc8ecd0a2f08ed8e53d18f0e0d0,c9cf685a5970016a369f50c8f42e87b9,78f8aa2ff4291290af1db54c0e87de6f,214.310741
1a13743254d9c8e6360106295947932f,1ade84aca2a23a5b07101e2c8db4f120,89d6544684b9cbacd492feb38abe4fe7,214.017581
f561632522774ab728bb93f8f3ab5e61,66fbfbe9598df1bb7b5950b19e839697,85a5c526407a1b180dd5bccc622be107,213.935301
9177736727dc747f69fceccc193c125a,69f57d3eb1a981a8fd71d99c39bb6109,d44d01e695a204a2d7dc91ef82378e2b,213.437338
39fff7cb5873a7116b02234bd1e6c6dc,1b4a0e6b19d0034b531655b41ea89623,e96316295f9dac5e936626ee32d3b05b,213.423067
d0813c57df04369487ff42ab24dd0ac7,066783a7a5bfa25f21a22e17c7ec9137,069370014d6465fb28770cd9449402c5,213.271713
453c2895f29b6d9a47f8cb48e00b024b,be4e62f1eff881f7eef7fbc619128ab9,fea2633d3d1605bfdccc813bcf843ac8,213.173322
6c5524784076044070d9fe6cf151912d,7335a8d265b13f3b540722eb829fe08c,d3b0d8353eadc4ba7ff0b60f87949a02,212.906354
e45b0c7dd75287df589a26fdb7c2fcaf,b92a9a9fbd2f4a946db856d466ef4e5a,681448fe6536db81da33377d7a5d88d5,212.902731
083ce299ea3fc1eba79bd0b17f64555b,0bf20dbe580a4ca2a717523e7bf6c610,1342ab50383d7471a3bfd75ca93d38d6,212.851794
d0145502f422d4a9387f75186674f29a,2170f9fac08a48aed1fc0b09c13b483b,4c8519cf81f11a547256d84f97e82594,212.102731
f11451a120b48a5c4c36d3274f0fd80c,9a7e2fda18922ba60aba4f140aead4dd,621072862bc6de6626af8ce049533638,212.085590
16a909e83380bb2ae4676ca69ac30886,073f64b0ac2c4ba51efd4327faca2d39,3ae5cb75e3aaf3d9e99637e6c07032e0,211.415660
e0233c751408137ec5cdde0c37e6a61a,48705eed276c3080033e79ac60460f75,b6b7ebd3ab897684bb22eaf084f8f299,211.049178
95828271d6bee6d5eedcd00e639d67a6,96cf4805d2e98446035e05b0874255bb,06ecfa8dfae87263e05d953aa561603d,210.623287
c9f3502cccf5585cea25aa7de58f6cb5,ed77ae1d4803934a1131cadffb78b41b,535ce049550012e1ffc2d07a327eceeb,210.083067
0d51e04ae0b1d341e4f49812d1f4fbe2,45ae42280548c03b6b40058b455c462f,00b7174ea52bb811ebe2663add51afc0,209.927326
a1874c5550d2f0bc14cc122164603713,fd2a39a376a840fa97ed572777c2b0e3,04467aceefd2346ed54c7fd9e40721a6,209.111308
6faa792efdf7c9c6eb7cfdf68aa5e581,527b28dd1cc06cd5f5d361c544909a40,0dfedf3d432d2cdca59a3ef16b313db6,208.959525
eddc1407b097ef7952deb24806c9059b,a29bd6557706ccbbd2ef759fd491a67e,431edc9c63424518da8f273659cafa77,208.921250
81098a634d4eab46ab9fbd0df37e52bd,55acf4fa9e52530422b78ece74bb0314,c557d8e5e437bc8ab2f3240b65a97e27,208.721215
7a311d62282fa63be12b02aef2fd21d1,7dda251cd0ccf3b0e0ff56d62b779fdc,4619fa9317a02816b5b83631ff90b93f,208.129178
2d14556024f4bbe01f147576097c42fe,015975a1ff4fdab8ae6f42eaaffd39fb,20c4ac55ded9c34a63cbf3e1f570afa4,208.029803
98a8081d6f922b47f0b48d0b10665047,99ad7a7b313b87dfd41521dc1f70b657,728def86ce88492592386a5e4a990e04,207.568738
d4e5ada242c876e58b2dbbcfaa80d977,387a1dd847da1460222bebfcd7c2c7ba,16d5fdc844fab7f0554c804c1f10a8aa,207.317801
49c6b1ee895e59043bcd5e2135f08355,9438f6c0cf20659264fb0e46832b4da1,4b375478e5f18ae9c221ff36518282e1,206.975856
d0924cc48eeb9e613a31e365ba1db47d,73fef4e3ee8931c3e71fd76d01433bf3,e178bee213ba3b996d728678aea863a4,206.680787
3d4f12dece1264e5d6321f1b7f003336,e98379ee17e55f764423de1d693daf42,65fe7f2628dd3b6f2d27c15d098517d7,206.307130
01c289bb06354cdc7e6549570f20ada4,7ee4b13db874fc0c53e4febcb4275fb5,6e7e9fd0c7c9256e1119cbb95fd12bce,206.085752
4ef6c02126b21225e011b242f9f79c6f,76b5cf2989344419461ec7b13b23fd3b,3069c59ca4d7b71a93c01aa815b34ec3,206.047836
7c5198d8a67f7da5930f067766cb468f,672e3b14b73975f3339583e7eff6091a,9bf45ecba71e9121235e583ec3b824a3,205.825486
d42abb03c8796ea293a48772c24843c1,a086251b34a5cee0b8f56c7de72dba72,08d27643b4ade2434f167dc1ba237b4b,205.202894
e60d32d446c543a9af42c36bf266b0ed,d02add6627c4d73a21227674f39e6f86,a4e1330b19a4ac8c7b846ec56de79bfa,204.804468
d0401aa66d5c33ae752ece32f8474d3c,7dcd8e1e0e64211c270809e7ed46a766,b0aab42458e44a4368d8e548c55f998a,204.717153
66e56177b9bf464a930e57edc3694403,f04c7589129e26f1a095e07ffc2158bf,fab488165423ae4a65b46569091cf205,204.711829
bd8e0f3ea9fb694fc53c7a358643fc06,af4e2e186d1553f35c402a9e153f9444,c0bc6e5c9ad833c1a7a566871b33c938,203.958935
862b2c6ccf4352c087cd60cdac498b48,bdd163683d4bc75b0b2b7a8d9e1ccd26,3f56a22363145eb59c7fb42254d3f345,203.359005
3504bea0c72ad9e945b63f889702d2d4,ae8d2355c75c103cecb78b4b58ed7a9b,371108e902be11a7d9b8ce66a1893241,203.138194
18e3d276253780b44b5b7bf83f6785ec,863ed82a296435f3a4d1a4b878450a5e,d1036b47b42a66f67a5c1b350697ee26,202.030116
e1cc1be2730188040748affa422b2803,5cd9658ba9e8ad15b491928fd7ec370d,a17308b84626455b4487b37d1d8e11af,201.762523
0ad7cb4f48f2a2cf5080e3c19c7cf98c,e82821e8f1ffd4b14d53774b740db796,4af6ca2a69957cdc073ddf26d1900ddb,201.128877
a2370b590b2453d5a748d4c4c35f900b,f849a31dd0dcf26a9af068f40ab197a8,ecfc1ad7d40898a7862c0791430bf513,201.099988
78d79858662c99b94b69547d9f80e061,53345dc7af2a7b39baff492cdc8005c1,4bccceeea58d5e2e65e3bf9b7bfb1f49,201.018738
eb89ecac165940c95a05cb77e89a789d,a5513b009a0b7d07504788dc524a70f5,1094e838b998a10c8faf3bc0b77906df,200.765741
33b141e373b4f251b033f9ed33d6974d,b7e4aca3e798d20643faacb681272a9c,41467837b8621b5014b5a91e78ab3747,200.727338
6fe09f77ec8e29ed4e619c6841f6479b,b9f985da9b5605e8f6b1fb0558b8c88a,eb8f06a1cad454e1dd8dbb24de86a779,200.632211
ae3e48f07b8242fa45f29dca1ce36a08,cf8d72f2d5f3f85c3b72a64842862842,c5c563437568ad88f8243cda53218d0e,200.565590
37f8e7062a53c1a0fca4f59f4c6b1429,8c4cdabda1d5bb51b03c8f034de4cd32,47f5956f0545ab50be4333cf70997aec,200.319248
8c8bc67c372d5c409fbf1a340205ddca,c76fd77e58c85590b4bd502a69c87913,12958a97a4e26a4e7dd8bce7de8955b9,200.109688
5925dfa8cd87ab4d852383f7039c8bc2,b495fd147ba3d65a05f35d76239c22ce,8373f5d7df6d9249999fd38f8513e6d7,200.025961
ce41a50f9ff95ef577cb759483fe9165,36d41a5b60875876ac9f3dea8d233a1f,97c5a4acc0915c5bd17e5a3256693ef6,199.329340
485b849ef839f0f401da8bfdc7ac2781,21b2387b9fb6ecefaad3713e09e067ea,023faf5fac58639f7cf53cb7dd219859,199.304780
19be5923f7d998e76b9f3b1eb87c32af,fd26702a3f7ee5d86580de591ff53e3f,07120a6d39e99f6aec742cfa39ab4cac,198.936331
7b05e0471103ce0ef346e87c357273fe,0dba8cb0559eb37cc0217a28496b5f07,b9b862b71dd3a13f37bbb72f2addc949,198.621759
5c77da09750b42091c93c331d544ab53,ae33d9911d4d85073c77c28678de681c,9cb69ff0cd93cb4624576397135d5b52,198.611829
dc6502a8fc5ef5239994a36192e7a0ca,ad7d9326d258f80eb37b239345f12bab,1b3b7a453b2e73b50b194401c0da944d,198.561250
ecdbc4bf2201c807294c7d8c4b777032,e56982c3ae61332bbf34639cf5362804,fdcb3d84b078ed61f1432f41e60e6aa8,198.188414
e4d800060f85d896b83b4c3e3570065b,db22016bef74b6dc92aabe8713dd0eef,18edd1c2ced2bb5d3175b611864155b5,197.986528
21a2d9dc71459dbd3dad219cb9681964,8d74231228bdbc2e89fc0125abfc1c87,a8f412e6559ed350a64d8b9f2ecbcc84,197.741574
49d1599dd80dedc213037342bbe43fd7,96402b1c3c1c2d9a3dc09966eedbd0fc,5a117521edf7b0ba502be754df6aac63,197.621076
0c32aa09e8eced3ea26c2a013b7b75e9,1bbe8ccf8a821a0117ad33a62aba2de9,581b53cbadd804220b785d243c6b0ccd,197.317789
ae7b79796d47ab59f417a154efcdbb77,d0714b92348bdff5af0cabf84ae6c2c0,943f2c6249d63bbe967734f5ebaf0a07,196.853715
6e2f539e9e0e323859a81079581db712,9c8b1a249b8f2acf28a69ae5526256c5,79aa7bf1529cb1d285df4ca588fc4a07,196.251157
eb3401656cd6eaad985629735dc1c339,b22d5e326467a7e6ce236f3bc54bfde5,2dd8a69d1eb8ea62bdddc073c4e80ab1,196.110856
95c673245afd9e175e46590ea80fd159,5427a9679337de4d57c9c59275f5336f,edd96b4f322cd7181741044d2e016158,195.857303
927c1b4bd2d326409fd16eeedaa9ea30,0c897c38d294bbc817bc78528cb47e27,a711032f5b2df3b039238b1a273076b8,195.803391
ca0cd77819a2427d6ca0e0d0e92de58b,c823a55fefe27a1092a634398c62f2a8,160fec373d1524d70a0adcc4922e3f5f,195.463183
22ac8971f405f9520b3e7cf37e042ee7,3a545de1e0e068eedf5535c5d3a39838,4708b6cbf7e34b7dbf3f7b75d6bfbd00,195.176331
a31ef19138e1e8ddad1c8c30612a044d,b3ea28aa962313ddcc7046e69e5ea094,091c0f9393510fe12cc5409a2601ff22,195.087315
bc877a9f97bb3f3d4fcd5f86028f81a9,92008ae86d495f8b9098a932b499688e,8cfc6624adef5f59e3ddd7167bc07107,194.792188
221d59abddcd719f3ec72c50078b9e31,e597a2f203b82a93de9dc256e72c3e8d,2783cfcf916c2cef168f19a7a2e45e45,194.649514
dc48b0a1b0e6abb6586f322c189f6b93,a62d1c8ecd8c597d007fc79c5bb5f1c1,34ca4adf4033386240f7ac16f25b14c1,194.312569
1450ca0539e1e64a77c08ba841c8be94,9edc784457fc74368eeab9b7012495f0,a236ae70310b60403c3adac81f96d5e6,194.000266
2fb6dae4fb3a2f917940978144362cd2,e1171120e3b1615034d5372b0d3254a7,2b7737f7accfb9e2ee360963a202eaf3,193.886470
801512ead4c9cbc98ecd208f45c975ec,e3ffc18630aca4eb79dc587b127e2814,0f39e640d202449c6fd3aebf9b09f1fd,193.750706
8f710f0d7e8dab5c8c1135e63b44de7a,c58a30614b49ec54fce768c0df52ba8c,cf396e4f907df065cc3d876bff73266a,193.045139
f043529722a354cd3f185270e0c6aa15,eb0fec00c8cee7edcc91a031d939ac1a,94111a59e0311e2720ce96b0b8327eee,192.981331
6cf5a61d865d979d060812cdb48ce484,51ffb9765ad7cfe091821ebd4751dc05,a7440cf5201c30463ff889fd4a6088ff,192.626933
0c1201c04330536234aaa49b396745d4,7eb2b4aee9ff7ba835df2aed76fb9c4b,c6f64ddfd9a519815891070106aa9543,192.377338
47c89a36acb8a73127ec91d0542289b5,ce5f7f7ad317c7433154353ccd683f5b,26dbf6db0bc6942823fa21ef58e3ce4f,192.028727
07f765655f560c8624267665ce23675a,d15f3a37c2d19f75e8910870bd5e3d71,1feca64d75daa682ce3174a1eff73d8b,191.977986
ec9c7ebb2a345ccd42c46b94ecb4d319,0b1e73fa546894ad7310916b480de067,b210c676cae65f95f7e08a49d195e1a1,191.138171
58498d9dec038f925f6406ebdfdc36bb,c7d334c62c1af62c782895cd62d61237,db5a21571d549b443f1b502b880e2358,190.985648
1ac4011bec2c0d9ce8eceb56bb1142c7,6ae4b5456cf04469812c907fe9b7cac5,ddb860efe17d6082630b99db1200b1c0,190.973380
9bff551dd73fdb455a7c2ceb6bed2d39,b46902d53ee0054d077220fefa87e7d5,6a1c09a763e5c9c86e4189dc69f84165,190.844074
4b9c1e46a59a75a9af94bc7e355b97a0,3bce4193e30b36d4d3284df3fa96d77f,e834a6d9d3cea0c687c250fc654a0232,190.204225
e14705d2e06ab8ee7c665f21c72f874f,5e59c927dc00fd6d6f9661fd8736989c,11177b43d0995dfa2114ceefa2c0cc16,190.012442
bfcdddab5a2fe5dd1d1b8330795f4061,4a335c9b6c47353962fc6f0b1911eb03,1b5c359c2188ceeab2777c0d27e7c343,189.737963
f8bc1d81f395f6239a2a5ab1b9edf1ab,a6264125a9c50827b115847d47c73a13,0362e923f805ae4dce58fd78c86c96c4,188.952708
c411c8b6dbaffd467263f87a23f2cf52,d744783ed2ace06cac647a9e64dcbcfd,307ddda45d830e2a08ee3892edec5d2a,188.785556
455c17b35969ca198c17f2fc9e8eba1b,2105771f19af1ff52afe2a18c984c412,5188f7ae18cdf7538841648a7e49bbbf,188.345220
6d74740d498504341df1e7f104daebf0,9e89b029e7fb38004f9e2d3b4055610e,c1e057b24816b20c350825a55dcfb11b,188.186817
9ca25c67e315e2a59b00eca2d4797734,c5169d427c5a1a403a3eab0ca8d375fe,2bc1eac46ee8d6fad3f7369668f1bdf0,188.112500
e2889baccec81ed3bed4d66c1c675cb2,46539409edc91bbec9b3a7b06b414463,38567ea58a8c84a1d15845d0de8a855d,188.058600
b25a21b56a2d74da49e04cadbc9e0dd8,485ebaf1444009348caf87a4fcb8f0f4,cf290442e580bf03533aabf4c492b6b5,187.986042
4d7b6c39aa3c7b53acb8058e4094a593,06263a9c3476eea0ca0fd70081bc7cda,cd5343ffb012a7157ddbcf5720100c01,187.117095
b824f6981f2ee1c30533c4138572428c,72c6b41818d5e645f455986b59b7a964,9576a9f6ff95799162bcc6559622eedc,186.561667
d059a0ec4c911c7abb10602099670325,8aa9f9fb8d016c8abd90a65dcd7f2ab6,bb0053cdec4b5850b4682e029eb3347f,186.498935
ff8892f7c26aa0446da53d01b18df463,cb6e8d89049744886ad04520d5e0b2f6,1c308eca3f339414a92e518e2a2e5ee9,186.303113
514f8ca0f04813ed414874f8f422e6c3,2e01a346da3f76c4a30e7ed7b3aa0d9a,f47f765aa8145f17ab00798fa7db8c41,186.030069
1c98969880c8c7c522bc4677dfce9384,84738ae25273a6a32bc43d0a0156b570,b33ba27bcc778a34f2d46f4138302b14,185.901516
79b9e9b310f3094c2cad708eb17508c2,d1c90196444f5facb3a682e1a531abd7,8331588bfd765bf151ba1682255903f3,185.794780
80282a1a77281692a0339c2a08d0e6af,82a6e2f5082bd48943674373f6a0fc9a,2d3b53a594f674cb7c476510f364c430,185.638310
cc025521d96a3005316b61cde71907db,f1e63d984de289ace77245034ae6cbdb,514ed457190c903720b7fd33660c486d,185.289537
63669b3731dcc014feec668c3d888aa0,844bfdffbe80e8ac61135bc633f2dce1,5b666d7076734a6485176d2f3255804d,185.273588
c8592d5ae5bde92205a4eedb41d9455e,8ff1992743a7f3a6daffc9ec9db05cbc,1e00c916d9813c0f523a32d1af47f5d8,185.083981
0ea353565cdde00e1d8352a08290a352,d7d7c211bef169faf83515ce6e8294ea,4e7994addb0e4622199601af5b9c9ed3,185.050891
bcc9a08b533971412be737fd5bd918b3,91894a6bee2407fdec8f29441d75541e,1171e6b0edcd799330be154f3dc4d93b,184.558542
e226254ce0c6d5b7a7ef7218c9b5b518,b12c008387c613526c4560e87f3f0dbf,05bd0df2a2f8b3719b66372a66b8f5ec,184.500243
d16f2966cda34d01f661bfc50635edb2,dea7183b5687dd97ce0703f53b0a97a7,75b60fe8ae4a01ed4c3152a11651218c,184.294896
339c527109c4c03e8e09bd4b593dab5f,fe9f3a971bb08a9eea14c93de1a42034,710d9b541d2ae52ef56ef33f5e1b795c,184.222465
d7bf7cfe09c3d0f40e1cabde2dc17fd4,1cb9cb32b2b54f1580e375ba45d744c4,9db26e22b48776e82e3c9e0b30f00a4d,183.991204
57017bffe1b59c7da66267b6d3fcd44d,a1e6c98ad1716db91efc64d1bd0271bf,4fdddb85c674036842fa2c86494e8890,183.839306
8329519e31cb1b89bd44c3c6ae417ad6,2825848807f070485f0f0ef3829758f4,777ee9fd50fbe50e788ef536b1656b08,182.953148
9f6a13c93d886acbefe16ad39bbfb85c,66dd11eed8eb0d72f0acf755122c4a13,6e2c325b5837ea4f4f30dfbf27afbb4d,182.878067
b1a82c8d03f1811eb03d6cb6555ea68e,61417f74f6caf083ff60fa4dc315f050,d9bf43027ddbeee4ced772f175c2dc40,182.619803
90c205b0bed658a20ba141d2960d6811,ddf16d77e858a32f36e10c289a28ef61,401ecf90579c9023a8f503e3a58cfa77,182.485312
272f0ffe236b0bf765e14f5a2b577a6b,e9171c81ed4eab3e5c786817857e055e,02a98752595ee9d94c570ad3e18055b4,182.098704
ff922bdd6bafcdf99cb90d7f39cea5b3,fd216c435fda2be27c92920a5e5dba82,5f79e2da24a52e76bc22897df03a7901,182.033877
6e26bbeaa107ec34112c64e1ee31c0f5,0bae1ef5e585b8bb8d250d4a75736bf6,403b97836b0c04a622354cf531062e5f,181.876991
cc0472ed54d7ef34d66a4cad6bf2e666,01d0aabab5da85da61bbd4d40882b82c,0e8e76ea202279fb49931c948ed20655,181.680312
44b49176f1aca9533b67f3eedab0b2de,0955f133d0afa54f738fd6ac4c9bc83b,d1fcbf740c2191cdbe2378522690d12e,181.641505
75b45ab225bf88fdd7f432507030a4b8,fd23556a7c693dc9341a263d6b9010cf,8ff5ec04a3f395979b2371a0a9ef4136,181.160590
cb4f48aa5b4657435b012a65f2a122eb,7773180c4a22f3438081f3a2b32f86d3,493c01f6ccb506898f25e3b7eb123d18,180.915301
bb99e6ae642f462d7bf05db05fc9aa11,36102c60cdae5d6d01fd40b0b5db5857,3fc22e5676244cf405146dd191909147,180.530856
0c10e674d1504f959a7f2e504148c296,7f9bdca299c6f4c8f906bf2d9df27ae0,1fb395f38b15b8e1e14824c7d95e9a92,180.398715
91def939002d33dcbf6a038b5c879f7b,11f0f637c5a38b66abd963cc1926f152,b560c6ec87e95f7414ff53cb57b58a12,180.257037
fa494e4132e6539d70a8478f1d0cf3e3,2159b1a8db7e7cf857d6b85186c049d3,edb81087bda65895772e72d1a5daa686,180.125197
243b99bd9ed8a3f460e7289d0a8df291,14e2227862cdf47db2caa1acbf80b71f,1f1eea532cdd1978a4a9438a5373ebca,180.107731
ec0f5b4fe392d71f361112c1b508b707,e98de168acf11b1a80cea2ad5e8a5c61,850a46317b5a1b4eeb14f915fda637c1,179.995660
65ab3020e6a929e4e9a4b61e643da832,b8297ee8722ce94cc9a2e9263124cd36,b65589b94530126b587553d33874aaf7,179.765243
13607978e0686d841deb64954c023495,3eb2926661890add37ff467c6c5ead88,706b9cbda5d9ac137f8b484774d4c2a9,179.492384
0efd5025e6544ef110881866b945d0cc,b4e33e55022ad7df2aceed384e698dd5,8ad3ff8de0c9473f99616e4dd7bfe7fb,179.344630
8614ac51282d77ed22393201f26ca405,cdf1adfa9a3cf815978e278a6f1cd705,59bcef0c3287abc23a5807748b62b7ad,178.966308
805e5a317f4b3e1afccb9dfd71287a36,da0686c22c00de36d95422798bdd9cde,83c0700d6e42c5b6cd1fbf3e593ea4ca,178.647211
bfe14bfa136397036c4fd0cade75c68c,e0ff8fbdba29b1192269bb50ef72245e,d23bc376aeb971eadf9129860f03c047,177.975683
3d93772915efa454a89bf52047b0b285,b0b54e4c452d66681d67e588398ecf7c,33d1c541fe62cc7e7de82f1a6f7209f1,177.266435
24fb2954f8c6cdb4b900ed8db6dc88e2,c1219b88f5d48e3d0dd3229cbd88a722,cb4591b9a09b86b55be10a9ea234de8c,177.059954
23b2d37ef78f3c8dcb31f5eefc30190a,6926348e098b0414d25d5d773475a8fd,c28678c5474dd180becafdd64fddac7d,177.028426
011b4adcd54683b480c4d841250a987f,f05a68aaa0d8f89e758c7134d53fa22a,93b35affb86435b71ca01a6dd1eab2b1,176.951019
995fe9426f030109b1614044edaf46d9,17afe0bafc1638d46b55c1d56b393015,5487a8ac1699754d975f853ce8bb9321,176.175058
aa89a987e1e092c318fbdc4b0e3dcc44,81bfdf6a2390123c48c5632de6413e2a,7c7730a9be0a2cd5d43285e6e53476d8,175.537014
36cfec707344b75d20e6c7ef583c3b8c,8e5f329bbfeedab5a25b115446d23d4c,a7f8e3b5e7e9f480a27e2f410e560e16,175.071736
41d57ab847e5ccbe403f46b07ee577d6,446fdc806b0c1bade7477c8adb83b9e7,68dd7c23e8b6c1e5f3ad16be5dd4bdf6,175.053137
3725c5b8c1cf5ee69158f66922a862c4,7021b6631e7eeee66d0c205798c9a8b0,003a7f59d7e08a9c61d9e2881fe6459c,174.951968
7afc250f9d980ea3ee0ce3b0245f1b04,871586e5b572f8c5d8b07b091e396e6e,4dbb5ab859405ac1cb171f7cd93e7f3a,174.901655
09bc7afc3e8d8dccaffd0b16944a91fe,e54493dea108e0cb48f3571e1249d418,383730d8be253fb34891920a417f2861,174.767141
e559969619d1a0922477a2d8cfaf50d9,72a200617f45c76ab4e2c202a681958f,04323742e042716e4427a5b3536ea08f,174.468808
17a2d93cb1aab45e3d21d5eba7daaed2,f45c2739157a61ee8da5724e961a227e,f6a62f93fc38410844863ed6a061f425,174.099363
2bd9d2f3cc5d99b1b3d9ff5acd81bd5e,c10c68068674aaf6ca04ad0387969333,1b1f5c0333fae3e7b4b4670d2cc3c0ac,173.985104
da1e7179b9c5a1494d78528cbcf05aa0,62fcfe5da58296dface200da2e196fcd,8193580d95dea97d43937711060b2846,173.880370
4e39429218dac10ad4e57dafee3d92d4,5be2326ca192b2612fd8d601f3981dca,467f3d18f63e2f01ade50df74d40457b,173.286991
f00e99f043c33da533ebc107f5a68c4e,9c571b5cc6003a7bf0a25cd54f225a1a,78c0b2e524faf734fa7ecccff7e492aa,172.583519
2b952792a20f6076f6e7a9c6a27ade02,322d561e43a3a0c5887b628a62cb69ab,c9577dccdc314ce381822a54b1eaf22d,172.384144
80e00a7b9ead7590bf05116f0237c896,731adfc56466bffeb31938efd036b0c6,9698ef73f56e1b499f56bf40ef93b0a0,172.132928
9fe8cb705d35cf54025160f9f01b7cc4,bed231219468923a99e746ad42b9ac8c,f6ac0ce30d1405684969749ebc798f94,172.059491
eabaccde0fe3120d2cbbcfc93e2b4177,9b3d13c2644e10e20020ccd7f3d40534,bdce854b86e3fe8851225cb4d17f0776,171.976447
15a38a0c1bf789e06ec42d24e485e794,cb589c751e6f002a96214f3a5c9284d4,a4cadd13645cb16e2e4252ee2e39dd80,171.800046
02e9109b7e0a985108b43e573b6afb23,d85c2deca369a3930811855341fb3d11,eb7df5ec433a5660c84c3a2e1bce192d,171.315278
a73c5464692d3bc09d64e3edefae9015,60b937da90f851b4fb55afb5d59d460b,7911b64405b6667c48cb3f1334f85432,171.229745
19f735a9a58a187253055f9d4bcc2bb6,0b192907ec8563bda5210247497aa9af,e033b92740c7c25bcd01a8bf92a51f32,171.101528
f71da337f7e2b3a70c74fa505f0f6ac9,c056578fe94b80e3f1e732d013df9374,771f66be24ca215d4d3415b63bae9d97,170.999595
5fb5bf48cd408d971f873069e5178898,91342c574ec0463ab295f7591d0fc8ac,43820afb33cfe47a6bbdc81d3fb51aa0,170.909641
004288347e5e88a27ded2bb23747066c,a61d617fbe5bd006e40d3a0988fc844b,08204559bebd39e09ee52dcb56d8faa2,170.724896
fa980c101c0dcecaecd3a1b5984c6b5c,7f31dc70c624428b42b32b0b0167ba39,4b156097ed5516456bec1b582279acf8,170.585440
8e0275b5c7fb6f05e312a1079a674410,4015f31ddb21f7ae83d72e00ef0bce97,9c9de9ca209ab5a4f0b1e55730231247,170.057176
8cd6f80d3c3994e2060d46ec07ff0b0a,77d5d33e7905054cee0bdb3dbebe4f1c,d4922affdd87d3e42657243354c7acd1,169.280752
8e31f8c64b847de447636be1ced917f2,90b9f0f48e9c0c80521210df4cff137d,cc09da6c606c28d227e63092534166fd,169.026991
f68cbab6cbaab1d6226e2dafed486578,65e7cb43b74e1b86d2625b6e5b284019,c3a6dc9afef5794ea4a867b5a18e0ad1,169.011169
6aa14366984bcc5f1ea760928283d451,1df7ded3518147b95eababb6620f007c,ea07d806c0b64019983aad62a7ee6ba5,168.954225
a4e71a98a7a1490fff07e7a65cf06be2,7fce12aba835839d28dd66327905bc60,8914de0f43ff7668bb9b82fd774629ef,168.799850
08c07c761592a71b85136aa4fe76a6f4,2e8cf1097e1516a9e3fae72b8ef97519,54f53e031329f69ca101726cac52f86b,168.403542
13473af264dea0facd893d6516900b22,90acf5654782a289ffd89f1759287595,9be1be195202b44bbdfb04466c070e76,168.225150
11e95918d6816403858e8314a3503f4c,0ca3024fdd038f1b734a8f1bc57e9055,79847bdf9821dfcc7a036271d0c6044b,168.008032
b2c913a0723c7737e11067861e061913,c8c7ec8563c295ba0c3ea5faff0a1b0c,df60585f4cb85bc7e7b6531f59920613,167.919549
4897a3c64a635a703a71dd2d9189bffa,e7462b52f18d6033a0b5714f2dae7e79,2da6ebf3d4e564ca7ed21893aa78d820,167.821019
615922c430abddd368735199c38e735d,5045e4e69c4ba90bebf92266670bfeaf,c3fa73017c4a172907d79669eda248d0,167.274201
983994b46a18dce5db8648ebf95754af,72716d752663ddcb65277a2a9af7420f,9edb1acec4ceb154e425aa9248286f7e,167.157106
53e4d5ab8287848319f0220d47ee7ca0,835132b61f09eb393ea7fb85c61bd572,3e2a7096b199939e9fde66eba27073d3,167.037338
91352e06066eef42b60b24049ccde4fd,609a92d3db448bbe4e37ebbe28b72b16,672222c1e1bc8818069538d8c8c046a9,166.931620
771f344c1ac13d8ccdf2d14c48e2c6c3,ef7e4d318e5714c1e8e07e97c981ce36,d8893f2dcbccd15e2dd6d29ef69636ae,166.819317
a1c1665f040ebd05f327c8e9dc1cdf4f,24f2edef847fd6eeeddc6aa5dd82209b,f5510156179c05fec1dd3898b39c565a,166.799410
c8e2ea7e324f7dd660e7481ec85bef3c,fb37b4e097b850ea9b2a568362742d10,de3574da763e9c4950cfc27933332396,166.460579
6e1512c1c3221bd24fa4848202727ab3,86ed1f35a1297fcd9ac0f8cefd187fa1,3abd3ea64f72772ebe7fb7fdb73b8991,166.403241
7849336c1b7785f258ffef06aedbd216,1001fec33bc88a484d7431bec2147348,288b02fbf09f1c9f2ad1e4ef18124c1e,166.143079
68497ce04e9b12cb402671a29acdf6a2,fcbde30c46201f8fb244724e710ccd57,ca46dc3fa4fe36c0a82c9e69bcb94fb6,165.992269
c2a444c39a2d87b50039f910db917e3d,664826d0bc1679cf79ba25b58e2971a9,3dbcc6a75a92370a581e5b39efdc1b0d,165.341204
d65921a138c59000aff343f8c991b896,7d440294c1e683b677deeaa736e7231d,73840bb583b69b1d181d54f3f755a4e2,165.099664
432aa6200ee9673be90863a912dc91dc,c835e0746829dbae8bb92fb818ba654d,6adf9dc8f61973b774685e0a029ea267,165.086053
42befda568ea0df110b6cec63c233bea,50cbc0ce14ba62ab76c2c353dbf6bb7d,7dfff541b2a848ecb18ceb83d02bfa6a,165.060162
c83c41456526926a16e2f95d3652b6d3,696e7a79f34c788e7b79e59e35756fdb,18d03c24d935b80a422c0f6ce80a2457,164.497072
0dd933d1e0253343083013791bf5d5e9,f1340835d29043d62518455ea808c84e,60ca761c522b32f4c47465e3ab5c5b8c,164.039722
609b7feab0f0c9726929ec4891447b02,7bfbe70d2fa4f8b872ec86a7a51d099b,47d4cec8efbcb39b6dad3398a957ae67,163.586632
628bdd93abd27fbdd50f4e2e91ec64b3,dd3d73f70b77e2a07f64360620621ca4,73596e67516934a7fe64cc6ca6d75545,163.433519
98758d88bf4b8eef1372ddee45d63178,0017afd5076e074a48f1f1a4c7bac9c5,b6f41799a58be93e516fb6992e0d4b47,163.353333
09baec50afccbb414f24bf8e0bc7c020,0c71e6884d0d7ae94fe52ea917b42fc7,4d3bf07ef40875871c01c931d3755940,163.247373
8c532c86e424b28e85997dd891e26d5d,f47a19bfce7086d0e3ddfa0633d20035,b621235d09fbfbe88d897969dd240b59,163.037593
fb490a070c5dbc385afadcf0e56270bd,625f92d47eee6330318032089c61a90e,5eb8cab859a459c603cf3e90204e6ec7,162.968449
455b49402053f170c64a3ae7fced73d4,6f41a6473f4122e2cdc762a8988a67f0,d1f61db27cb2ec79064854fc336bfbe3,162.880810
8f9c0dc510c12654a35d2add7a6c5d34,12994c8b16a5e15fbbecf653c20a0a39,53b8913fe5c632a9aa10069a33aaceb0,162.871516
5b59166412dd5595f77a43b217c39132,cf3953190a955e0f2e4a8552279713b8,6b75c3e52a1fb04bd0b4f1975febc486,161.958773
142575266950512b56af193f3962270a,ed6b3b6afee46b97b6fbd13ce3856908,e5f48c85f53cb4d3f36b6cca32673337,161.774931
bb6d785b806cb1eef824812b06b9f15b,a80b9e4d406b12636bb0f6792cd1862d,6f019df1013d847952dafbd0abc55c94,161.715833
b1addddee0c4b35550114227d2328cc4,832bc1632236af4fde736234395402e3,04221a4eb2e1a30903ffaaa72f8b268c,161.497164
910ef561b28c67973b74ce21e0d252ea,05bc33363c34f9c8172bd111029be2e1,d7f4c7c033cbbcef2916aaf7b594becf,161.475347
59d66d72939bc9497e19d89c61a96d5f,fb441bffe443e71cb16477c4743591e8,a76390702d2f24f9e0d5ad3c5e9ec562,161.414259
e2af42f42a86805055a8e71af58ee71e,8d5af908ce8ffa721a9f665abb660200,d5b4f23f53baadbbaaf0c6a983494333,161.308819
967eb85deeab5124df2165cdada917f3,ac16c676637c6d6dfb72fb3dc92c658a,c4ba85cd686fc7f9d56edb6fa4471e91,160.637558
8bc3068714502a076cdc66f2a207bb20,31ce9eca5cbb13db5867cc427003c308,0db095732135cba036daafa8ae0d5559,160.566620
7a40da3af7a607c7275b9b8f71d730c7,3869937e33c68a5ec38cde1f19a6968c,fd90be5a1209b495105960e8a5b847f8,160.520231
d8f979fcfc0ce686f6abf5af5f5217d4,0aa1d9509ae8e0c76c03ad7ba91dc81a,50a444b891ba3221c5b7c4b48a194ed4,160.416655
d5f79f616536f08c3946ee6ac810a43a,fbc40dce4e9b980972cbb7842987ca0d,3b4a1c677a8c6c11d2564b52b6eb636b,160.237060
3cd4207d6ce944798257ac5953640a40,445e35406984b81b3f9109de8994e197,8256729fe396aa16538e1790e33851f9,159.846227
6287d15cdf992224e7bb7010c69c4095,d1dc1009ec8edc0f30c6a3477a57a143,1200ed0c118de7e4524b65918a42c990,159.643970
8bc85b1061383d0dcd4e995a726da763,0f21631dd255a459deaaafb7a98600dd,36889515282d4ef83999a8332ef9f4cb,159.170556
95fc0e6f6939f521e44a588ff18eacb9,64bf167fb87c4bccf7cbfde95d835ed5,db738d19eb9fe6721be783d4e46f1c4d,159.055000
9689908caf4de73724feed92175d867a,149d32ba42826835e09c375b8a1fa923,40a6bf502702fa0bfaee3ae436b554ed,158.943576
aebc1c715aad58419ecb2d919f449127,50d73aae647c6c12616d5bf9e6aee1c2,17a5005ce09865784a18052d65e9e050,158.466088
86bfc49565a9ca52fcbf861fcc1e67a4,d701dc60f61795a62070fa2494b6691a,1f67d1f09d1858b5d12a7548b258fe95,158.063356
1118a7bb7ba893f10740e22a23aa5bd9,24cc22cb128428c65c92a125bae0b517,6543c9fd7bfbf8a31d844a1523b6f04d,158.032280
8d26c82c2086dcacc175e2ffe6ee2f28,41f1032dbed29e923c83317e6468c291,ea3925cbd40537018367b46fe65ee75c,156.607222
494e887fef923d79982b3c0e1ab49cdd,f6ba6de181266b918292db17ba6616b8,c39b6a1fcbbad48578181950509b1330,156.354896
a0ef77ac3d3662b055dc12b045da37ed,9b7130a90e8f2c23cba417fd1e9be425,b523567b39b4a0bd6dad69bff2e7004c,156.126655
928616c185852cc998407c716a6f69bc,9de76ec033b835610e97e8b8b78011d1,b15da40ece9d0f3c3440837babcb1a31,155.971134
f7d2fc6f0a2778f53d2a6bfc27bd0e8c,84df70f03a2be7d8a483d02c5b596fbc,36970c35cfe02cb355e55690bae4ac02,155.788704
d7c6335139cb055ed0ce1125ddc788d8,f6f0b2497c5a4ca89670186757ab2684,f5e3df1b6d4ee5b4e795cbd56705d35b,155.070567
f121995493925a5ef0b46a13f594e0ab,840609035f6daa3db6277e7a033b3edf,b552f6623b3b474d4cff0a44146cd120,155.014016
19bedfc18c92d4e7eb6ba318a6c2033c,bc22d1005019c231fda1873c3fc71fc8,1877896ffdee42ba8ea0d397fb9ece25,154.998600
ee4a5dab94b427525ea24bc30d4442fb,d8a46fc8e10a38b3756d7e677b3f6ab0,e7bce5a1c5efd269eabdafea3013839b,154.736157
4191bcfd448dc07138d2951ea4d10008,f05e7271c8182b1a9c40cc7154f63616,f9a68878fc98bcaaa39b14e773ca6970,154.089595
5f80e1b868be57e4d50ae6bbeae78d77,57122ae1510bd4f4e0203ae8dec5eb30,6b2cfda97c8ef916043547d84658ba6f,154.015938
51dc56123336c573f2977f5da81b17b9,83f24bbc4f76a2730ba9c9cfa32e6d07,7791d87e3629a61832a9cee326042181,153.995938
941590fb8aef66b3a8352fe7c691879e,85728ab380c0bb7e1c0f5f26d1e48cd3,760312f5735ee281f01e56d5ddee05e3,153.867315
8e714421b31bf0865e55be929d99384c,ebb5e749c1cd84b16d8628c9668d7282,6cdd8e55d732c4757465f8eb53d4a8a0,153.743877
6f302f15a62c56b3100b67a81bfef328,d7537253b8b150b7fa2be482da1e7719,19fca62dacb4d96e5e9b491e45ff2c8a,153.457130
3fc38da1985b9e820504f0ad51abc8d1,c6df20907b36a49402c4665cd5a0ce8e,6c37458893de8ddaa38b557e58e3bfb7,153.162465
1f90117a847636892e3c5bf569f2ac68,8d0584fef2164e00c8eb23abbdd87ef7,00c42b1633c1b2fa4e937bf312466561,152.742581
dff33bfc45ae0becc55ce9b50acd4073,3f49c44f8daf2224823379331514a723,1ae8a88bf94d02224f932e18297baa64,152.227847
bdb40fdb1df62064c8ee38b845459e77,d97964c911feff7a28e51777c2ffbc7f,53571e4877460790f5910534d81d533d,152.204630
f4d1502ace38b0df6f052a5544add9f4,b0ea87e8402211c896c8d6b4b2001c7c,131b770dae46d4fbf6e9a62a1b177ed1,152.016933
f9b5d3c8bd2dc9c26ff00bde73171554,539087d16a54354cfd81aabbedbd7f63,5f24b613363e4af7466a250aa815a170,151.975683
995facb032e4446a511762f5f842eb11,93fac531a5d1aa75846d96103217e85b,a2a0c616802ddf184bbf68107f4a9827,151.630914
afed5a21e94b4e3e5fbe6c7e4bc92f4c,7a3db786a9251bc1603dea2c4970e448,83eee67c21d596a653687afe2c8ebad8,151.111632
1d72aaec15863f7532b2dbf4a5c4247d,3e10fb31e08ba1bc6103b56c474610a6,b1ce066aa23dcefeebf1950f0da07bc7,150.655648
038301b43811478e1a8dc0e476eaf52e,010061e3aa0c6ed5e393dda0652bbee8,62a86eeeb3310889c048224de16767e5,150.464965
4b384b778ebc0449d0244902bfce7beb,2956c3060085d849e6c81602a6e99eff,f698a227c98dd9263f510f1cbdda7985,149.770197
bbfa16828a49c356b46dcbea56ded834,b2e21801242d20d3f1f17a2e99dbd5f7,3f23bdebc73fa439fcd2b1b77fbeaf7a,149.280174
216ab90e27f18940cfac8f9f02fb4239,7e54f2e2af1f04c407423998a9812c73,656c5942e852b20473ae268796549007,149.120255
c32c120fa230c291ecc017406aa2f39d,df81dcb40098fb783a6525fa2f868bc9,1cd147d1c0fe18f3b742a353396c44a7,149.014306
b6216e2929abf9261e14d2e40f9a4d17,f5ff53df944464937cd950213093621c,b165078f2983467c970fe55fe99967a3,148.771620
32c3312cd5a2dddfdcbd359694cd7ae8,39897c1c37144a25b897e4d5c98fed20,1cf4be6f1eeda2457a333fde5abf39fb,148.662546
5457ae2c352c18e3bf5cba68301d96a8,2d1bec8cfa830e47e6267b4e3c329dbd,7fb803b61e1301dc6887ef9d54cfcf26,148.559468
56e3a158ef88285f2c15a83db0b13d93,bf8a5f3ed4349bd5873e69a7bf24afdd,a1b97f7eccbf23999b9ab8845ea122ca,148.437847
e35b2a3c980b6e0fc66c66b8e1122e93,ff4935343715e7a6dae3e550f73a6459,6007efb03b652fb947155d0dd1001098,148.035775
f00aa1cfc257dfff20184269b19db923,ddfc5bfeb3554462248798b6670835a9,762f2fa4b2d95d9b9d1f8ad0dfaf6ef8,147.991470
788313d21c3507fe890921f6e17aa679,0ec21892fbe1319a9e0363cab0066fb0,afed0d88ec7753e7be8744bb66e860d1,147.972998
50ad9fb3ba7f8cf336529fe94a182996,5fb669725665771911c8ecc187870553,98877a509c8d712beb65e2713e61832b,147.820440
05edb10f73fe7d03959ff26540913b3a,2ceb986b3043c2f73ab7577c6a41830e,8ee6bf77ff42839762f8907348ea50a6,147.674421
1372bab98f9966bcd4a6fa3e6df6dde8,464dcde4a46d816f4943dd22ac477629,bda372c8f4f99cac883f9f8462f5fdfd,147.243634
40730ca1af9742bd0bdbcef270ff4c76,8f666421a7087098ff93d80f26e0bd6d,599b4f476f3590d89be00a727812d390,146.995775
0f1bd80ed58b9d0f45dca1bb396d8ac9,a8157021c43ddac1d78ba046ef2f48d8,7efa8c532a0dd4aa1027b9b6d21d993c,146.966748
6e620488162fe1129d32f26b751d770a,c6fdbf697f2f8af465a58ffaa4c3fa4e,a9b929204be626d61a1d60d47e6b52bc,146.924005
1912afd96bbe171633bb73727487ef85,0c6e84e1109b6c5630774291a85fef1c,28d2a5cfa6ad3fed5f73c66dca690d22,146.809641
9066d003674f53303ec2ac527e940a5d,18ef2a64141eab548a2c46df2545b1ee,53d515fbf0a0d3b35e47a45a398c551d,146.050197
d970a2354b55cfb67fa5840b9b4936ed,7de9003e4d20b7332efe832b5ca8c15c,c3d82084f95e12ecd6cc271e0c225175,145.961875
1fea3244d38e951f0196b2728aee3bdf,6f3a2c8b196fb74e743e30c4cfa59ccb,f3f3b27cca7955c784c143b5886558d3,145.881944
7da3054afe371affc14d26cc2cc04358,0e3077db347b6985225369e7fb0b8120,33f8dfc5a51063c31d7b12e9d43a45fc,145.561458
eb28e67c4c0b83846050ddfb8a35d051,00018f77f2f0320c557190d7a144bdd3,c105be01f21c9df6a2579f59b95cbcd9,145.221505
ed42ccde391485cde5b0699b84b5c070,f9985288469173749a1fd05693c5aa2b,a4425e2bccba621150a07a685cf063be,145.104132
e47e3ecbe9ae12ecbfc5651bd62d7733,1be1c706ca05fafa2f99d335601e9293,4d9ec9c5440b083e87ee872dec1b32fb,145.090995
a4e456eca4b667dc31e1881a4b56b319,42fbec9b92de96f320334c91f47e8b6a,e9edb54bb4120f4f69c7b036cedbc5a6,145.012373
7d0b1773dc928e29e86a230ca9557d08,de2198669f76c1dbd0d137f101a7d6f0,886dd09169ed29010eb71d9faed92259,144.954699
d9e97e176fab9b275f9665eef6151a7b,1a4fe7b4e0810e3c234a4e39775b6d53,1962dbe6d0755ae32f1381266df2e34a,144.928079
5709900c6ded8af6dfb28b043943368d,0374e57efce00e3004e93acd6310c58f,c1547b9ad031612f2446bf9ad43a0716,144.846273
0c9abfaffa0ae7587cebfdf0d680e3b7,4a5d255caafbd8a6296a119b0611d858,23cb56e66a2abb69511896a6aef2aa67,144.657234
718d5855edf637b8e2f213db87dab93d,5e37bd369f48eb8220fb2d3460f74833,b80ba0f0c3d2a63feac0116f533cc6a9,144.645440
ec2ddda7d56bc6dcf0e5e5f4b9f67fef,7f76349ca462fc860717b377aac893bd,3062239cf5087db015afcb38eb79c5c1,143.781481
26a6e3e036636ef1d5636f98b66094cc,3a3450ff7785b9a81e13a1fb7bd60ea7,5870c61c60ceece3d575eecb68252abe,143.506910
0dc81b520ef7db9cb44bb075e129dcf8,4f3f48cbedce0c316c688af6fc7e9c56,1fc147ecded099d8acf876cfaf66f731,142.996412
63ded44f46d409896e3b7c47daa688ae,1477de0726169d2ad17e417783d332e7,8b83e402930da5b2e9bc93a69dbdf5ac,142.944294
6cea4abf8f997010abe48d8b4ef9c5f2,a573cb4336fd3982959f7ddd2ec8724b,1a4514c5462bbdb806d15e6b241c7a70,142.763449
ae72fc322c436d955bae749b31ef4b97,89b0e57c47e090334a13fad8d382246e,cf2159bbc127ae7a92a057266d687260,142.644502
483b26e1bf0f4797e5512d8849d90835,bd1e185a530c014794c02ee3d2d61a68,2d3ea45912e1469b558f6235da4d1689,142.304780
57b5d9f9fa4f1ff41befbfbf0fcbc3ca,11594a6b4b817fb6cc075700e80def3f,57eede1060c3e289d5be82560b4874b7,142.017766
b9bab1d3bf90360ff3942299971001ef,a220ac2db42e26dbde74a77bb1a30bef,d2a447028b1fbbc9200739e3fee4e22c,141.789398
9496fe4967f2117feed223238c7bcc39,415c1b3a4f7d686212cf08f53ad40271,e99a451628b46086835d5da0bd58c932,141.402384
0cc2ee1112a11a1094eff52fa2e87150,ac727692880897a9669ed0921296db75,c7cfea0c153e6382e32e84c2a9dd7d2e,141.120995
eb8ace0670e08632f5fe8977b669530e,0757cb4ec76f9d0456800e40957db304,b8783952ffb07e62bcd0b709e8977f60,140.718021
c0ceb197de4a31388883a6369ec291d6,0d23d5f95886d46d2deaee6f7282316a,e0a45cc3c593cdc760688f91ab70bf49,139.909907
9620e26af0dfec5a16a52cd2afa81717,2e39f907d4dd92ec91f6a98ea094e68f,d08a45bfb5b6342c010911e51868f688,139.897905
4820f42c8203dcad5d2c17cf363048b0,a96d80130c5b0907958c4cfeadb4bb8e,c8cdd4400eb4d108c4fb6992339c9fa1,139.894028
0fd39b61ec94864f92e18e5d7144bc6c,a3757e2e2fc596f02ee3b55323c6a67c,8109255ed5f9ea90f254fa8c5d80bde0,139.533611
16c8e42089546fde55ed3caa46478e7a,43e1469a7223634749c63daf05d5553a,41d12841c459809ff4d25ee0c8313de2,139.223044
282dc4abbf2759fb9bb77217f5cd6c4c,7d0d148810ae67b1aa1f2d450d26e952,d4d140e1cbc20856440a8343432848c4,139.222998
78b5cbc4b9ad61445b6609593addca37,45e00abea326ffad82887cb48faf12b9,60c6581ec5ed9187370902a251501b8c,139.219259
5ec4c90f549177a8cbbbc7419353e66a,7686c8e556ad063dbfec8224d665c37d,f10c009ca3eae0609b1ad632f68dcf67,138.641470
b52b8debdefe66d4c0d7f44d9b4ff088,54d6f9d8f56229d3da815add65ec2408,6563b375a3fad2d240225b16ee246f68,138.175162
125740359669fa63858476105a5d523d,c40ef1f09f4ba772a63865df0274f6b8,5e8632a278dbe421d1c5d75e542dfffb,137.981227
6eefa309faab7725bf4b9dce147e4ae6,3db932725b90f4f388d2e361b0f1247e,7c05844d6fbffa854241d754f38236b2,137.852014
2a34af7c4b1b83d78b14cf6b9c32c3b9,bb9bdfcd9397da3c8481ef70b92df0c0,b325a4afad33f2c09ba50df161457bdc,137.680463
b9badb100ff8ecc16a403111209e3a06,00ff0cf5583758e6964723e42f111bf4,e5283432176f988a5d35d8f6b0711030,137.394514
862bcdd9344546914b93a16397a78791,7b20d43785c16252f51ca77bceaa5ea0,20059d45d5d6464cbf4fa0515c3830a4,136.670312
71d790b151c0349e5f5b2fbb4fbe1321,1857f0409d8180beab0cbec5cd97478f,d736797e446b9c7bc072d55b49748180,135.841655
4220ae19dee604e8c1dddccd4e535502,c4e3b2e6f29f2e5ba28bd079aee75750,6a541ecac40dc865265adbecf4841842,135.251644
c893e6fe915add1b28ef934048f0023e,a0f6c7ae15be8d8d8a0bb051bd84313c,34ab0cb9a828372a0c1de84088b216ae,135.226030
4d5cbb095f36a674f6f4a852959ad11d,3c057da49a74023e52c0ec5ba76843c0,c67c325777b78917b4b2a84c917d3f0e,134.974537
7305430719d715992b00be82af4a6aa8,e940dfc11f35a222dc7dd0e6700aecc0,d0bff47153ef056bb4f884a2ec2f0691,134.177350
ea09b32bf96ba057088e140c6bec60da,f9d5cc83106322c8781e4cc0c0bce572,181a9d0dbee29b580a407cf2ccd80570,134.122361
e246473a236ca29747182e7986dbdb7a,f5d8546541a4875d1b5702fa3a24711a,07bd0c7e13ac7c3a408dd3bc8f18fc78,134.005266
f2ab7bd70a9a23df0dac0be98f038374,bcdb2acf83fbdd65aa15e879cd8afaa5,78b7aeae3630346231847e749bfd8a18,133.946644
d2f38262a9f66d15aa9fc2b60ea873d9,bcb093f60b7e48f285bf92f681e65651,75c3bf5894efc8b022a84404ccd9f603,133.887940
f97ab9c166ca8d6f5313653ee439a6a8,378aab9f026bcce6c5d6b5b6453be88a,ddee5c5feeb0bf3d7d713fb1192977a8,133.869942
0fd475edfa0b61c59ecde6f89c21dedb,b0b83c41891bea98fddc70cb17441405,e91e4fa5f881fa870e71c30c2c1921d5,133.845810
e06e62694cd8ce637a1c3f4a624c647e,669e401d6430b79db06491597d059230,fd9bd6fdda953d8dd1092cb53a396059,133.812500
48625b68a29dcfc3aba4b5147e0625aa,535b29494ee7ee79968ec7d9f42b3e23,9ceb8ab5165cefecdddb546cb5a6362b,133.403264
c89d91308d60d2f2076d20296962f2c3,bdb2bc3c571eb25e242b01f591816c7b,4feb155d6d4d8b2ba3191d90655f3b99,133.286238
c3a8c3c742829113458555ed8d300404,f5c91344312b1179054ff03d56905ac1,37da265b43b0eabb4777f9be4ee0daf1,133.145266
88c11a241bcbd239da19623bb23891a9,c2f4725573134736acc801bfc32b7e5b,66dbc9ec3eb2119ce225357587599804,133.124769
2b4efa2bb0d9e62ee5e197cacd93c0d6,ae348c74e571e34c44d0874b21087f71,cc9c27c90afa88462b4d852d81b367fc,133.039074
35de25c73544f00e8adde226a4d1bdcc,401aaeb144fdc31e60486809bf917ce5,9bd1b16f0da3ab4e8407a76b1d97be22,132.988819
de73179fb08ccaa16bfbf6c139879855,c7652e6a3ef3f4d2039957aec0fd766a,d5a9bcd8e843bed6dc81287ccf656d3f,132.904259
c35ffdd9679e194c3673533720b5e00c,be63f8e1110d08f5003ca1a255ff4fb1,9e7b9ace0373fca44197f8f406bb0169,132.867859
88a8f123107a063acbdd1c90f3d8adea,b99f2ac35db6241badc2e0a4d74e79a7,bebda1d591d109ea4605aa4e437d0a68,132.168403
2028c90d6c4523ae70a285c44010258a,2f09d13518fa692574874a78444c616d,ae3ed4faf84063e2cb305bc99cacf219,131.951123
ef7200d5b0b899369c77c7407ec5502e,a8881d1aba506278afbbafb1aca58b5e,0dfb7076fde77db58fd962eb6bd91384,131.908854
7b6d07dac0a2c373d749142e920ae356,76662f6f2a490cb74e7b97984991501f,d08a79ed250412c79cc17a81c4abcf86,131.891678
8cb0a62e8c536632e7c0a985166a089b,c53b0fc1c72d7bda1f878a03bb49bb0d,4da0d9f0eabbf66ac32280431ed7c6ce,131.888229
a74cca5b53aa3fb9a6841f847033dcc1,37507e1d5b294164b69056c22f217b1e,01b37f50cf3098b3dd9d0450a188348c,131.297789
0895c61a77b305efdfad13596c749c60,6aa1b68888b0cf160c7072009c46ea24,d44d3aabe5fd82754ca3b4696cdc90e7,130.891806
919bf2617845a0f73acc0361cba58267,ab77be4cf9bf132ca4d82049e786e528,508d02fd7a1d114cdfd32ecb91721855,130.469074
641584b3ec3027aaf8fa9c088f1a1a00,7f592ad42732ac393e0840a95fe32d7c,f55dda7072d923a3191dbca61f40d8e3,130.126007
387b38ebe598313ef56ef3df19b192af,ca5b72f1f41040f1639938311a47dafe,275b46c1b462043f24768a0b168bc654,129.973762
ab243cd9e788d689cc822380f59616e1,9d252a6e320b8830dde812ffd93b4a90,4703440eb9289d3769819920e98ec061,129.952859
24115a0c9fc9115c586e54fd5f42e8d1,5be7fcdba040de4538c9bd6fc2447973,3ab7017ae596ec8fae78b7232580a0a8,129.166262
5735fac0e3e12fee0b0545828a977acd,2fccad1e95e778fa79931174307b0ed8,4ec97b4065c679e4f09cc6eb9110045d,129.049120
194be31520cde5c527bad17720119e85,5260625f881ed6e315cd3eb3f4bc2d42,18bafb91a9e78b83e54eb5aa495a955f,129.014491
310647380793836bfa5b7b6b3f518423,22d42b325ae456cfe6082ba585a187eb,aadd5a22c7d1dd16b1fe905a302d70e2,128.966806
2b775b75afa0be08220fb73a7e68df3b,e4e7ac3eab5f637e1bbe465706a9e806,9f67054716b5806d7ecb46b0f309e5c3,128.906644
c2b85b27ebd380c2c156e3e8773bd4c6,86af9599ffd64a39d743904daa8bdb2d,ed737c73d49d514352d4a57de3ca77c2,128.144965
c45ece361aab055ea6c55b61eb2d99c0,efd17d7b355035d21f96ab368400ee5e,46ab3e1c2c3eed0ed5bd72930759d25e,127.824722
e8bab621313ad2a3c0ce8e3a023ff9bb,e349cfe864fffc00009b4cdbdd3a95ec,d905856c062516e1bd43377034e5c615,127.188484
262e1f1e26e92e86375f86840b4ffd63,0f2335c85eae6c232fa46499d5e1e3d2,b059ee4de278302d550a3035c4cdb740,127.141840
cdc8b0d152b868db7e28de59f642c94a,594013e81f2c775b3fb2591f7e4bd4a9,c5bb91ea2129a21a4f424d356a4d28fa,127.103426
2a7f837de6a1999e457b8e3c5619156f,53d9e9ca11320965aa55056b5439a1c5,0c6a2732270e3f0f66bd73dbde93b59e,126.992789
31d958dffbf0b744375b5ff0393e6fb3,97a7c1a54e3b84c6e2a2208198f48393,5c617dfa96b6fe84f28fcb382042b3a3,126.955498
98341ec53bd2130c32390570d0929da9,dece33065768a2ac17723827e6a03c0a,c4142556a994ea3382c0b8d954c0acdb,126.953843
1ce1097b476f97ea37d805251c5c74ba,41a207671f292d00ffea01b171f2a30b,ef6ab439f4c596638239ac71cf5fb391,126.849838
8f9f1a0464f6ab0e25650be9849b086d,a8c92467b395f106cc93c91b6eb782e1,7e2069a34a1e7ea08313482266b88256,126.718854
68519bc41532d0f1a6613d278f86a5bd,e39fd2e5443413710adca912ade28b4a,894f6cd6c690b0d8d94011c8461f25f4,126.598299
bf429f20c75a39eab83442cda8e59832,0659ee4a8b8b8da8337c94d35e423c74,8b72430bb2678c2def7327ce1217b2b4,126.263588
93360190b9375a40b65720ee99387a4a,f2ce3b8d9c16e475c92d3c2d51809cfe,9b1936414d93398380f940b3f86edb5b,126.193993
cb57be427d5e8c06c10cdd1540df1e00,b4436efe3712c1bbce803adc1dc032d8,5b181a5480a2873bf4689add4630e731,126.081030
af0f26435fade1ca984d9affda307199,bc8a5de6abf5b14f98a6135a7fb46731,9ce19d5b71288d9c2fbb7e5848d28d95,125.944225
5c2b5c09534917d37857557d37ed9205,997cd0cc21c4cc23cf4b07c4f53834db,1ab4ba2aaa118a756ac6f15764adb2ec,125.819456
e60856952187516c3397a2c4ac63aac4,c5f6d3ac0511ed9303df3767bd834100,2013e60377e57344d89d5e4a5b3f2a9c,125.383160
78fb70b5aa609b4b55c6ef3d0cb51faf,eca3005a4f60ceb77b67a30b74095ddf,a01a17ebb12ed7e8b1b4a02b79ad650f,125.151157
1d0be6ff723818bb810023b236405017,53bae42113a177b31d3aa02c73e0d3cd,5a97cb85d8737c11775451e5bcf67286,124.884560
86b59358310b208f822e416e59c96672,1c9ac08a8e474b38e9231382778f7eb9,61e77ed77c68e38c1aa62a278004d84a,124.625532
48fd7dec70f2b104a1d5e8c5c639102b,eae14ee62ea02e4a202dfa6d713acabe,d0e7be325a1c986babc4e1cdb91edc03,124.530521
a2b7188b91416738f3f713f6e107f276,8e96b8e465f71da5a9cde973c3a8d726,5d502df088caeaef73c83de571ef31d7,124.228495
ad97668eed5826a5d800b15351bea269,681c82d8dee3250b148aaabdd68a59ff,d5d91beade5592a7f19b57ef4910572e,123.966435
95ec7fc6a1605502060075958c3f9852,c68e47bd3dab5dd575a6c65848663923,0fefd780aced50487fedea40b67318b5,123.905660
bfe1ecef0f01ad67e5e0cf1860e94e60,6f6926816d7f45e2ce64ae33c9faf58e,d22b9cdf085b4c46374d974de5b98296,123.754954
87a7c3090f96d9da963125a0d7f8193a,c9a54f6ed83e951ec2cbec315d2333cd,c7331c9cf37d4a3f6b0fbf4bf4c543a8,123.111019
723bb8aa118da56cd7644aa593d197f9,1a7f6ae87826fbacf57f362f73549869,0b704d9bda1b350e1350d64af21b3411,123.102049
b0468c2f2573d7b6bc5bc33479785e2a,aea98a9d19779475e8dd3302d7eb5ff3,1e61c2d93012f7a32fe86de9bafc3a1f,123.090336
c27a30338b5d9d59399825f77e7dcc61,37def1f304d4a5cfd597d66b3a778e9e,e0b5327e615585edf5ac1051a466172d,122.719942
f1a325803dd4c341c5a946ac84c71973,e0f96cc1ba052fe2de161845c9f24ab0,d8e82d1f482cdb6ddce0701ace3bc6c8,122.692303
439624e26bc73309799fd718773bdb8a,24257d104a3908bfd7b8bc9f6e1a2039,b5d08e6b71d4af8f816daf169014c908,122.575718
d052fe86655dae0e952c1bacbbb99d7a,a3b5d696f2dc3df83942f644beb879da,fd8acdf929a762e10cb02698d2116fdd,122.398160
408b1dc1bf28c3245e5eca9097e14b9f,576e5a5f6d1ed0b333acc88bee3b8c25,1fa78500e37879853df6bf65220a3994,122.318970
456f6d64ecda1b968375d3a68eabfb5c,d1e6d38e939e395dcc3e0558678612f9,3818ab6e31e399088ce955019f85f7d9,122.004410
98e3117841a2431959d17808f04bf23c,5268a1e490656ed41fa8b107305fc319,a475f984a1a51c9e1f8a76e8a8e8b955,121.823542
a9e4348b76f85861ada324e72dc92aca,8facdb9134d16bc7c0e49628ad6c58ac,f1997789bf60765f135ec0f174be55e3,121.598762
f87108f2ff59f6cbc898ca230483c0ab,ec75a563a9c1e88a534f34f1280b0c8b,e1e968a372e80f44b16ab1dabcbca579,121.425417
fd09c64a101e3eff4adbca1b28552514,496b684eee1a0958406cc2e50a80dca8,7532f61a8fc7649fe822d89af2ff0a76,121.147604
be33ce67f6c02b468b94afa895a955fe,045d5f2b9ec233c262c0ba79867e37fb,3d1bbd8630ca04120738e98740d93503,121.026736
76f7d40948174f5cde0fcf8e6147b59d,09d49d145e25e27490765a4085a8e720,b95ee76467f40a43ca737b18839d83d6,120.953472
23c536b39a65168e3e34354b80b4ecf2,1eea943a6165c6e0e51951bb76ec90a1,553fee3c21ab4328508c8e467806613e,120.931887
ded4351942c7fc292b88e5b090af2b46,3e65d8271b054ca287c93d4b56c55386,ef7c5d4791639dc1862b7bb3bacb3d48,120.886250
9f10a450cddebea0e7cd86f67c894d1c,84ebc7aa538e4655d5d3c6810003c6f4,ccaca3cf7deefb7e24e36ed8cd85c647,120.802975
71048f40f553973d48d6fe35d01a3afb,13651aa318d6af9df5257a5dfdc20f3c,a767f123fcb9ebe4eea953349dfd5a81,120.748137
525236008daa62b6022f35142ef864d3,50dcbb2a2604b38d231b84bde3f62227,bd37a8e6c071459b0c45ad8337225d89,120.657303
72eb961337993c4c089cb9135b86de90,fa3564e25054d8ea0e296c7b00233d39,1052fc490084f258baac0395a94fa58d,120.079630
d02cbb85434c84acabb8e81bbf064d3e,c991b8532e7abe41bcfae9b0ae4e8f45,dc400373e624e9b0435847a79813c658,120.073067
0f187f58097c5431d5244e1fe1383884,ca5d34455321c329173e1c6c3fcff7f9,61ad7ff8f7855f070f278ff8412622a8,120.057905
e09e509936d44d03ec876c40b0f6dd3f,84bf5dfd169eae55102346ea434177af,08c21d8b98beec294f0dceb8b54cdfd5,120.051794
dec8632530ce2c58e688e63cbc5105e6,6ffdfdfb37aadee7183542be7b825777,f86be73e2deb7e4d522ee8922cc02bd7,119.985231
c143eafe10719dcc7dc0a855b2e3554d,5ef8f0f9c9d95604cd61fd97ab176835,e80adaeb250096a2042a63c4b3d20bcf,119.977616
cde6577300fbd06655ff162902f15b2a,474422ad1854778feb30bf77b7801bf3,e339c040755b354d17a122b68617cb4f,119.952222
ee3adea169ca02ca9bd1e80bc620856e,758bed4c2450a7378b75ad480da89662,613664f2d7289e4a0898d9bfeb426db0,119.948692
cef2883537239067f21cf38c1b2abb32,ac7e043e7f3ef81cfd073dbaa2f248ac,5fbe345aed80ac57d0b62228823c9074,119.810139
c17dec01473d89441bb6a93fcb58e663,cc3de1b196170ae020cf79cde9883058,b5572b1a9c58d00d3ad345667cd3a0de,119.741285
2f1ae2ed6bbc4661d04c271560570c54,3f265b4152ce33df196725325e99ef49,6dd108d9c1d54a07eeb03602befafd7a,119.233067
d375c3a3a6bff030c08c6d4109b3f226,41e26896c2835821f7622124a8ebf047,d02b1845a40a0f3f58d0fbf2e04fb0d2,119.139329
7589544c08cc5de364cad85ee73f4b63,e55445ddc4194e562e73e0fb3b49f26b,e2b9859bf979f248fe6fa970d1710b91,118.886968
2b6ce149982204423f4efac29701255a,5bbc94ad182b8b20ea955b1c3cae7d60,ad15d9b5c97ecfcbdffbd8148ef3e0a1,118.098426
aa3bf249b773d47a88cd191c16152086,f37cdd40de53fd4b961aa07433c716fc,6082358a7c7ac731b66ba978a6bb4442,117.975312
f497801658db70e1b18c76268001e944,7891c58fcaf852455c9b8ed210e31a4c,a53622dd658d57199cd7a1e677564385,117.947812
861e2a5848de1a3e8fa544236a8369f9,caf07fcb4e0d35fb5e9f6e3eeb294ada,b1e7caa2d22ccc061ebfed60acc21b34,117.941042
2f87ccd8d2d676d667a844ee5c6a17bd,51d967125c0a12392dfdd135be86ab3a,57faaa762a71e0603439c7a742527524,117.333530
6bbed249de21777c6f7d5074e6c469e9,434d1997e63b6e122dafe2a81ce31850,f826075f4109bb1b2f8d8123b117d81c,117.240104
bb656eab01a34ac497457c5a92f5bd07,58e005414df700025a261e572c2a9fc1,97479dca48e26f93b2d370551d4603c5,116.996921
544bd839b4e7f92a077c7bf2410f8b02,5981ae276b32c4b5d69ed39efd08d0a8,88e583db0e0c8c29a91c2c68a0ee82db,116.982049
eb8367e178d144706a4ff3da62d284cb,8a3756b420f3c23e6537a19e9d61a102,7888c674da87585ee031e3b68a377499,116.831725
5d7ebc17bf6d80838b3b42da27e0a5f7,33c4ff80921c70a563083f3e317f7247,0e4947343ae2d8c37f2fc453e057c567,116.687558
c694ffd0ff6d172ecf34fcd4202c8693,7b8d0a893743d55557532e35a0b73a31,f4f27728bc1b0f7edcf725ffdcdf7ce4,116.606863
1c4531b533d17f3b316de441268e513c,abe1f28ecc30a29b9c57069511cf1464,ff96ea4ad10c612930198ecb923eb7a9,116.589294
b68a98377d20140feaa17eeb61687459,547c0db33c070cc0ddc35ad17750c6f3,70f68b39d2f381634322a952699f55d1,116.057998
73fa628b0fc190639f48da2667eb1381,fd3634dbb2f578420b7b7dc1633766ce,3b6699603c3eec3ca54e7d4b96b1bc53,115.838426
97f0fce3f9d7aad1b12499a4e4b10d07,4d483bf690ca21bdc005df9b623673c7,4f73244a226bb31dd99853458f70c537,115.812778
4755e6cf97a25760ab159e0457c84a29,522a5e4ad2f2d51be25ae597da2b8197,6233c53ce8bfd732fc643c0443741c5b,115.633646
75c7cb4037146f5c8e95ade4214396c5,0f7477abc25a26f58ebc0d00d2a7cde5,a7e3fbb3111b4a3c0907fbfad7690ffd,115.159248
07ff81a9676efa0286ddd3f09e7c0063,7e7c209ab4d09fe584822fd6c054023d,4c966c07e48f5460c75f69d0352a61be,115.082998
910240400459e4edf250cddd2588bfd2,ccb78ed7a1acba9d251c8626f13097f5,afd40c7db09c18759908ed9d6c66fa2a,115.080428
3f36fa15a16c4850992aa0f33561906e,6fccc57f4270cc3628193bd168efc780,2d8e71bf7d31a41d40f122c8173fdf06,115.049387
79ff5d9ba6dc750760a809b0a84d3397,9ae23540f2733800190476b85aa910cd,bbde15031c474ab4519b10001935f416,114.993299
4a433c62dfda8104d295307e855c82a7,0e1f02c51187a6a08aa473a3a0f3bc71,5eee483d18d84faaef4bea7e8b4579df,114.852708
7ab8841bae70453e6b6fd543de86b90e,61ab43a7e8f1eb80fb124273d186eb10,63329524e69a10126480e493708b178c,114.792454
f92fd2c87375f957ece022972b16849b,ea88f68397901f59ed9456a77f861c72,38162e93b3ce4e0511825eba9f0b4414,114.720220
d567f29ec5fa447c99e949f337f3a35c,190ce4e52f05189563942da003cbf332,00f1c7c1542f5f86c3091749d9e939d8,114.426586
77479db0fa60ddc453f3743abc02be23,addf1e910072af631c49adca7b07fbdd,00ed64bc080d87b4ab7f0c433bc5e98f,114.300602
0ee57f62666561b72f2ceacad0230cbf,760179e92a03be906bbbdabdf9c01273,181ff95f97fee531c4afa9e882186f18,114.201655
3db6e5afa8e8178a29afc729855315e2,be75f7ef5da81750d1b2364aea5e7372,286f1870198ca5f7249774729bb46a45,114.043773
c9ec7638cb8f2dd8e4439fa8374d89e4,b8b3f1a93f6899699c4cfab3f0cb85e0,3ea82ad47a5a11ed6d1cb5e1e8343b9a,113.912616
ef1d0f1922417f396a0aa0a03296c572,189622f157848ba3ed54191c7538e07e,6c28a6a98f83b0405d2bfc4ba655e15b,113.832731
5f2a213343d506264f78cb82dd914434,15324bb6dca4436f40c1c599fdc0da06,1bb50def8a9e13b440ff996070fda0e9,113.826759
5936fabf5dfeaa6c31d9f649b5794e2c,c4b2f28161989ed10bc95e7c3a7d1dd4,8bbbef97d763f4dcf2e12cc5b5e0cee6,113.746019
1590457b4be348b165ff7030a6f94dce,4cc5e60f36ca3bdbb07ab8a3c490e15d,21c9e1884faf91f5fc65224d92b2ef83,113.150995
e7e84072c5730f21d38aea4e37d531f0,12d34cd89b0be0896cfecdbd41f5e952,5ddb1f7921a2218a2f21cf9ed9995a5e,113.140810
0e4d012fac3d20c033e0284fb6d2ea6a,7c74884b55b2ef0862e578cc630dfb3d,803aa4666b8c108ee27e65f64ad038fc,113.127292
a366793a4999f8cc135855c4dd347421,bcdd99725db7d4c2fd9468f0fcf3cfa1,22583f00089ad69e494a302349673c44,113.028391
f95407bbebadeb8eb236153ba339e998,95f5c913e50f7b1edfe05e8a38ba88d4,82792f854bf7882eb02921129a2c8cb4,113.028368
280c34dc057ff9f3cd17360673d4b87c,85b8899fd1383f7177fe622d29f09272,b96c09813df649f724999478074019ff,112.899525
1291474366a550ebc251d9187e763d62,97a046d5a9aba90849e4279fdd014fb9,657db8ff40cea3fd850bed1681373336,112.806713
730e4b7ede33b484516435d39ab4dc49,50be1d483c83bc791be7bad19a5b2cfe,5cfb7b2cbf52f4ff3ec4b58f69b02351,112.565752
a278e5ab3d212b2c8285bdfa911b25a7,cab618a13f81a7ad42573993ddae2ff2,d41ebe858c1aa2cef4e728fee0b07230,112.288912
bfb33fedf91eb21f6d32ad5345989a6e,eb5158d41f671648c1c954d8330b2f8f,5e4ef21263c26f393f06c68bb2ac73c0,112.138287
0f0e48a91c9c285404572b095bcb373c,a2f8f44bc77354a5f4e5bc4a14573d58,25989a7e7af41df0616109b8776aa0f7,112.131771
4f011f45db425dcd3be79d4c11e9ad05,4c16e2f2793eec4da8f68fd77b2a092a,df4823465132ba0a127c5734847a3a3f,112.107569
7a350426024a624cef97f797c408db97,fc39eb893101639217a80a552d1c16f3,9941c14602ccbe66611b6a4b8fe01d99,112.076308
e5f19a93cf85b13edc0376d90e4a0ba5,96252dd234004b6e9d4dc740779742a8,a852cc31ae30e70e308d7e21bcc47990,112.026609
69768afd389429f6ec48199e5fb8e61a,d2927bf34d3adc3b878e226b7af91519,8cf92fdbb4f10ea12f1dc018a35aa8c0,112.012975
99b026061fefe9ff09cdd0e745a9233e,f9d9c91f3bc0804469f897454dcf2a78,0b7d34c9f64b1a147d6660ceb770aba4,111.038958
9d31457a03125fc870787a251760315a,0c8675dc2e52ab52977a76d810e45303,4d3acbe72723c00c24fdbf452160d13b,110.968125
73f97c6a5af65a71194cc2265ae82501,8e6560f082c82cd950eaeb5dabcbeea6,88147bfe4762e9d0e545871dbc994734,110.827708
34b0cd95480e55c2a701293a2b9671b3,b149acf7e57747cd966a1f1a11e98e05,1b18059100e6796d8551306a1876fc09,110.205787
684fdd89d877968793cfb9c8f7ef7874,0fe0d22222f747a218a2596963d8b364,5b305608c98ca66ced71cde019aba8e9,110.156690
f25c83fef4ae7252feec416e7927acac,15c0a0d5bd5e9c58f17414d100104093,46484009102069e531f34a424a500982,109.918808
74fe4e106702770ef728399ce5da503a,1a8c121e292cdf1a297a0bfb45858d3a,5308fdab519f7478ef64894128fbbee4,109.804329
9c4220872289f4e0239410f49e02e189,fe9ada7f3e7d6b80fdc7ef06df755976,3cdd33ec05cf28374828827789437fc3,109.443472
09d74edf20acb4f9523fb1cf19a18456,c2485fbf261ae20fb834f6679afbed53,9142a3c29501af1e90aa7eea2a6949b3,109.084144
ca77025e7201e3b30c44b472ff346268,ee84d18908ccf2b4c57008c552b98d1c,f3584b023b097595c8e2b0b6fd51a839,108.358542
7823a8988612aff9a03896c51e2c5f7b,d85964274bc133ecec1d771ed78e0f80,45ff50616aff4d99cfaca273317a139b,108.193981
e30b83af13d6ff0b0f427b2a67c43b39,e75011be2ec3dec23d2ed6757d35c792,64870069a2ef2e45dfbd920310639dcd,108.119931
f944ee56d8467517955c2ddc7b0d486a,202dc36450b101f8ce80320437f258f9,0bcde0684eba5746bbb90d6d9089570a,107.988218
de226a12fac20b56580d731ec8ab8623,21f3d0f22004d8bad479ca281e1f00a2,1f8fd5fe13ced0df2d9b93995534e59e,107.887546
97e5501feb2532ef0e124d2dc4e86537,1722fe3b31052dd87d3639c52ba346d0,f043d325dd5b6eeba051156b18d49dd8,107.684873
974148f722b785f187ae13ec0040abcf,c1da287bcf49e04d36093b8296d121bf,727732b8eb487f1ff4dbd15c610f994e,107.539734
ae0ef1d2e3a62b54a83dadad4db14f5d,8a54c9464b6ee0a6fe3502c6a6547eca,4d8ad885a7edb3c9c24859ce54227737,107.369016
33416ee3d4fa56400ec814d7b24bde02,90024aa5d3878db3667cb0ece7f1aa08,c99a7c5ad6561092e099cf71868b4e78,106.520880
d44ccec15f5f86d14d6a2cfa67da1975,dd9934c610c4363619b6b0f850365725,adfb144a67fa41dcd8a2b7685e40605b,106.219363
e9e96ff4f36a319a3621b95b43343532,e0172fe93d1e49afb84d1b9041640b18,42befb375e86b58e9c00206b5f948341,106.141620
b045295488236fa73d8d9c37dc4b03e7,2443aecfadead9c6df5d80d063925e25,0fafae9d817a5c3ce897f22d801b7395,105.937616
f80c7e4cf2fa8ff3532323f19bf603ba,8e1ded141534096603108f1ee5c27735,014bd8ca0827935402ac39f2751b2fcd,105.905104
79c389f4fcc007dfbd1f317f29e85030,efd3b94ce05ae57bce1f417fdbbc16aa,01677846a819fff5fc22d43d61e58367,105.821968
206b04b38a5dc8404458ec16edeca606,1955c39b31fcfb4acc9cd5b9ab577c7a,0494f6deee34c3bcc09e66f364b0e5a4,105.195602
25f24493ded5ebebc26a69b5db344e35,b547355b98adcc9a318e3c1c386fc737,7885086b880b3ab7e8be74bbbe05779e,105.044919
79abd55efd139ad036a57558aea211e4,22cf975c95f8d3ad3a2263e94f79182b,9105a0f2573fc723a25f05db30a3117a,105.012731
2b4871f788b44ee004ec2c7fc7cd420b,de25b0f0bc16aa46db52a0cb9963b764,c2fe2f550416c0b36bad93166e4d2d1a,105.000694
29d72fba272ad06ed0b2ac6351da042f,022c0ddf029d7d3ba3d83bd524805629,6f7c4d0e0bfea3787bfa435c00423420,104.915613
caa3d56b7a6777daaa2793053bdf2309,3ad5e6d4c7320ce8a70ed122d2f6d98d,9c3ac80bb91312f5c23ffc1097c4ba7d,104.536933
b4afb55d2d38d9bbe0b83ec108c3e77e,c8d07bf0161cd0a2aacc163c238f397e,a3df9ee0e0290b6eb2d3abb966d5346f,104.518079
a43931660f8bbcc1c64db8ddf4b10dff,932024863e3e5b0786812de5188d8ada,294e00584d3afc45c9a512eb21c66fe2,104.447836
633aa358e90a435dc47a30af5a0a832d,1ccac023123acc23d8b0af4d3190069d,19c4f810dca09d438da021fd6d52839f,104.256921
b495d807ccbd38ea1be486a826c88008,94aba2a37911fff127097b56d60fd1b5,7f59962b8f02ca840674b28f1b9cda2b,104.182407
0d7241c7fb49c1be6e75c9fe99e0822c,4d04e8e9cb2a2dacee258022e86cc1ec,f9d9904f1f957c0fd0bf82dc3568936b,103.974248
815a99cb9852a1011da9bb7f2070b93e,80f65dca1a0629872658ec11d1085d28,1e6582156af0035606a446213730ca65,103.208657
697452ef6f8c549b18ffecd3e0197460,aaeaacef40234696ca54078fe46acd5a,c4f5e515c5b864e0f0cdea33ce83244c,103.164201
4f223a62631b82cfb22241007bbd60dc,215e5ab8d123b9e04a3c1185d90fe780,b4b047bd2b601010cf106a8d20437c2e,103.093819
65859c1624b7642ec285b4a71efd9506,a7e2a9bcafab99efcc6c6c20523fa47d,30244fa670103f1654f92667d446878f,102.999387
523730e4b2ef7654c243699b81763112,e01e0edd184fa69973f66cfc1fde15b3,c35f44a2a94147bfcd074dfa5f2f174f,102.962106
f0fd988c7c2a4cba167138a8adada6ca,4df36fe83cf894ed979421fecd300bdf,87a2d83c67c7bdc791e7e5869b035ae4,102.803125
ecb2bbf5c566fab74d5ab5f3cfd2ba19,95fd03e2237bc14cf9c1b6d6abd6ae93,19e18e6a46b546eea7c58ebbf42e0624,102.726759
7c763d069eb3926fc65593030d5c99a3,5115b5f8076ff01f14782576bbfafb16,824abb0e495f59750ecceff64e86459c,102.636227
a55e19719dab7efad8d5b7b0bedf5326,34be06fa6e60f24cfb03b4b2303d9861,d1d768d42cf0f3a2effce95ea71e111a,102.266019
c5400d2fca348bd1313426efe4b10a51,b77ffad8b6c7bb5dedfb6a61f8e7cf57,a62ca1ecd2ebb5a76f2df38e3024c324,102.120926
01886ef98f995e4f2dd75a1d04c97397,f17c68f902fd50e36d9c37ccf4c85870,ce8d55aa1c206156fde37e062c716ea2,101.938542
8ea95e0fc3da49749b66835754e2062e,4b1130720b31500948a942732f0befc1,2853618de7610a6cb28d21b99bbb4dfe,101.917639
182053495bc94c2f41090ce8c41be266,0cda10fd2b66ee6fc2edd8fc21f8176a,434eed8762b5d851fc7ce3bcee924dc0,100.949931
7d3d94b4740895a17760e976797f9f0e,d19fb6723049906050963193ff88a628,febe5ed09ac6fa3dd1004b57269adeef,100.877905
4f0c8db463d2261888faa81900eb33c1,6c1c16fa159e9636157531a51b40d473,a29d9c2b5d06b98ba0b5eca57feec6ca,100.740104
b7b68a8bb6ca48aefdd5790e04cda817,02b09d03f22e1da491e4d578a0bc3f90,1e5de131e124a28163dd61ca832e722b,100.584491
8dc4412f2ddf5ffee6cf50e6278b37fd,7708627520d1045aae5a3e31f89d3491,1a537f94e57acdda6cfad59696759417,100.583588
850a172dd946b18ddca4a71627fe32e1,73adddab7cd7e4f606280f98c137656a,9c0edf679ee9524c3cded05020212ca3,100.427361
62a25a159f9fd2ab7c882d9407f49aa9,8a667bf7baec5286ad76d81facdc85e5,efd626e6a12a82d76e456e34093f8356,100.245868
7a1de9bde89aedca8c5fbad489c5571c,5f49f31e537f8f1a496454b48edbe34d,7beaa9cf684b466e527383b1ca40fe07,100.156343
3724bfc68569cc4df876284536b8add9,cbf3df6a869d7cafcbab3096706ec7a7,7c191e583fc264b819bc71653e4fc229,100.113912
7cc23ec3506e4e1e67d0702da04a734c,4517d10652306c01990d40b0d6f76511,fc50fee6054e9b82a376cae3bdc097f0,100.060972
39ce02a045b8e7b0329984df3109957b,83cb604e747a6aacb0a7e425f0b21a77,d7484d6207c35d75a99882ac7de536c3,99.923299
9f3495fec7de50e7f0e31d3f1ed3c526,8ed33ce2fa4294f5f8d8967467a26b23,d5d3b4b504a59a416704978bb72fce3d,99.119815
d58760239457cc420d92744d97087921,880ba0831c3fe181b5096a98d3c755e4,084ce670827e3ebb5f585818b985bc25,99.026806
55fbb64f60861980e74c4f136f304297,53c6881417e68018f3caf8efba6a72d5,8ce09fabe89667119f813bcaa531e675,98.860012
4f4d2fe2987efa0b9e4e61a466e8ed8b,f336c8ae5359af5ad4dc657f0ca2468d,d8681bf9afb5bfde505998488d3c61fd,98.684028
8897ea56bce6fe37a39cb2ec40898102,f49fba97be6948603366581e885e2a43,681f6998a6bb650120b24343fb7aab6a,98.629005
83915016a26b0ca42e3caf1070664d1f,6f814df1f550b59cabbed26b26a96e69,ec5865f7945e691793bc68e066c837fc,98.392037
1d7e8be24bca64576da891970638bfe3,d60a89ab9bc1e68834465ae630c3343e,30f5bfc25003d29ee5207083263d3ee6,98.317106
52597838f6c178b19b961b068d048c71,e556806e85b03aa8192bc54ebdb15009,042d7868efeb34d5748cf9262016f6be,98.027512
cd0e1d42225b7f4cf78a382e4f57e704,9d021928d872dccba86ce3e5358c29c1,0e4b1ee38c10f79bb6eaffa7c60ae724,97.995359
dc813062e0fc23409cd255f7f53c7074,b7633aa5145342cd219d1488b70ef2a6,12acc7b15e7e65ef48a7b01d3f42f1ae,97.792141
6dcf48fcc0c4d96dd7af8a0897ae9de8,0f14db1abb2772e95d78a72c30d69678,1c7a2b989035d96cd218d9b9f352c098,97.484444
6594a65023bcb47539aa91b0f8e98e00,27587cc5a5f975239e49460102252868,1b0577d71cd408c29c2fe1c9ec939056,97.405625
49eb3e27a6fc361609658d710948cef7,b8ffa0a64c94706b40a3eb420aaba9d7,984c8458b4e17a487d85b16c9ce0f00c,97.120775
557b158701bedbb76b856eb5f3af51b1,dcb69a3c1f97a14c7189a209c641f1ca,0918b01313c67da779fa4b5356537024,96.949502
50cd97d731f3f5e3f321673c2671a23d,3e226f225a5d4584d0bce05c962f6adb,f50654324d7bc3b79e01a02199fe1585,96.937743
84514f009b40220330a5e42b102437bd,132b39be91080ce2062bb6bede4d45c0,29b60cd6f3760507c1e5271a67086333,96.892361
191e0f453bea7f50ce1fcd514af38835,bef626fc782c8b4f824510ddf2e335ac,ee2f74bd4af6f0a1995488fbd5c978ec,96.736215
f216de65ece42736f341247dcba60ccb,41d0050b0a103c674289659fdd6f602e,41533c74e757d62db485b5053f8a2314,96.513032
da5bbfd583efb762f6fda762f1aaf4a9,5d6e9993ecc20a59e637ce711858d081,0bca8e07f15636c260b1f794be423ad9,96.471620
f8bffe1586fdae62dd3646353a25f958,8a12018fd6af932819b6e06b6e3eeba7,d1839b49944e9f40df652ab476e812b7,96.454815
d60483078c0c81748581f80d355bbcba,f6118c73253ff6218a76c8b2df6a05b6,7258f5b1cf840900c133d9f7192b7a84,96.218600
da2b78576894a7f95d45bfd20250cc54,a55b72ebbf51055b6c5b083edbf8bfa2,48842751df68fccf0ab0caa30930f21d,96.136400
379a5698aeca26ff55abca9bc7fcaa4f,c6318a262b5020f830c5355ef73f09be,1f128a92fab0cad4a98cd61be2793d42,96.000185
ef3b6ab8a1704ead096adbcdee78284b,d4b3b00396bf3d72f49b2e06219f385e,eb09635680fadffb33358e40b05c9029,95.417188
9a57feadf40027e677c373d70108d57f,4a14b4a65e7946cfa68ad61507ad3023,4c8e63c1d25a7a7647782967c60a0677,95.238669
2e08911037fe7ec67377711eee1fdbf3,d634e78710f26d98ace611f615489774,1a8d9ee4ef14ca8feb96e914f51b9397,94.849606
018b5a7502c30eb5f230f1b4eb23a156,559e9d91731612dbcf09e8103ac2cd60,633bd8dd4d19125b69aeee2526f79779,94.728171
3a43af6775cec872d9a3c80707eb3336,ecc4c3f49c7e63c6fc8b2036fd78a185,1997d8e0fb0e3c1ffefac2b84bde7662,94.523414
e9c905c9d93eadb270434d5f1de50fee,90656a29c767bd72285cc656d21c0d51,f48c7b1f3fb890715e12d1f3217e99b3,94.473322
cabef558b42bd1d2578afc81048e8415,489d362ded79f4394b61b6e58453ab18,b12077e26b8a52d9944ab81e165e5a20,94.338657
93603747aa73507db172820142fb3b81,ad71f559c9264f19bdacbc2062847e74,4af03386addb99dc44451b81b470a609,94.003519
5cb8c9998e51269d6c8c983def687414,9621eafd687a505c4f065d9181331a48,58c498d29ae194afc5d69f486598f18c,93.237315
0b3cf8a9362deaf8b870d49ae61f3ca1,ff7140ba310a4717112d39c0cd0b4062,23d2b40718f8b1693ff67644c21d9f70,93.164688
8149101234b839e311a6f8c525206632,e9d9941f914d3f702a186f0176ae231f,2dfa14496bfd2a02b3ab479a58171bc6,93.116713
d7a86208b8dd2e697ddf825c386a0402,b031da90f1946edd12ee2587d53c667d,0ec153c68d6e5b0dfe5128a34ffe6490,93.019734
e8001d7ab27230c1f2fb39aa63aea136,0c11df2b80d95b1eabdcdf3790bb3347,d9e882686a56edc2560a4983f10daddb,92.843796
bce006e903be688f122a39f45b210090,8ac5066a163c60c1ae9bf17200df3dd1,6af5d028aa14031c4afa3b5dd2d427ab,92.543183
803c530613f5c4ee03502be0d6894de0,c894fad29c885c81201d9bdd80cd68c5,b20687804070fdfcbb7a183e9dd0cc1b,92.231586
944779ed5e0464b49fbb2108382b0ddf,d1ccf9110e914e714e76f6434142710f,a79af87b8a7a623374f879412adc351e,92.167708
5d7ff357d021646cf8adf2601713f624,58c13edc5bd22f175bc88f5d637b4656,15209a5ea170d24d393e34f8bd52dbaf,92.092685
5dbba6c01268a8ad43f79157bf4454a0,5f082c0821ef7e1812362878c7268aef,e6d0bbe2424dd2fc97db5851253f90d3,91.869722
c5cc0bee4b73138ed973a1720df085aa,8b1386c62489fa3207c75cddb43f7e5d,cf0fcb02e2f9b6dcfd6aac8d664b663a,91.856204
bcf0a5f0f3ec8639f940749aab360d8f,767e77d7d76d75ea5309d5345699cc44,f495e955026183e7f6bbb3dac79b88e6,91.717095
61fe766e454d5e750b33250035b4311d,ab85e3c92c828eb802fd91345e45d92e,b644b094c23f3320d4d8386f40e092b2,91.565637
220bcdd6ae284ed1a273d99003fa8a0e,d136b518be06f7ea4ea85de10fc1c9af,83a8c8477a4beb1799eeff411ab29c0b,91.499120
b0b057559c54c99e41a21c40c08f7780,ef118656ef537afb61840ff77a86a067,b86149c8139bc8a77792c2b24942a0db,91.298438
698118425f0afbd4bee557e51b6bd49b,e7adaca753bdafdfdee9f2ecc2effd33,8433606149b115b9f6e1916bdbe08dc4,91.203090
3f00548d480f59bdac5e1ad8a68dcfe1,46f6ed73fe09537a68e37e5b67fcdd01,a0d0d423de1812c8b269e6944e180e1f,91.054294
b9833a43443ed9fad7a66f9ffb80684c,d66a9e689fb184277bdd64317e765729,db103a5891ce37dbf3a84d9273f55dbe,90.996123
87ae4c644c15d9c6b6f826dfec33b340,0020a222f55eb79a372d0efee3cca688,65650a09e390bf885b72172fb90348cf,90.921887
295c05e81917928d76245e842748184d,852d2f4d37773bcbc21c8e09a05a4ea5,cf5e115a19c54f0457aa4c00fb88ae63,90.835174
c60635e3c36e27ff9222fdac1ef3e17f,082c2f05e569e5d095ac086461bef733,6e830b60dd5fb7763aad8df950ee3998,90.829363
a30af9d68fbfcafb8451854c528587f5,c4e8de1b1ec983e061c3ff765be41405,5daa414749c292efd9d970aca5097a8e,90.019583
da29b8a3970adddb9ed2dc8a492065af,56a699750378066e427e2feaaa048399,614c5cb06a982f6034ec63bb29030868,89.997731
913e4a0664572d0652473b98b808e7b5,e99e0a939c251c9b2a412fd3136ce0ea,f01cedbfe57601b0145a8331f8289138,89.902662
dad9e634284872d012677965e512b57d,6d20c5b5d74d900b45b27fd6e6e01089,ebaa42a79f2add158467770ca61a11e0,89.902419
af70cd6337ae27de089c616dad39bea0,a7e5d683186e663cbf2c4916de85afe1,2411e5019928e883d049f7242362c23b,89.697199
dd6ca4bccbd21803d32139af5b908fd7,180c04aeebcb390784f7d9c08dbd159d,38d1046513a150583e3f00f86212d3c9,89.194641
ea2a4a14c49ad9a9d64d2b7f91f0c293,224bd0a94ce4f3eeebe2ef447e596863,050f9344068b604a9df9c01b12ded455,88.989433
084be429c23e342acf5084ac6156d22e,24950e3fcd92f8ec85a91644c7252eb9,b461e43868116fb81d1d91959ae5ea65,88.836412
b248c92ec54199bedb1d603e0e6f98c6,404ae63d165e7de5dd0bade9787b50c0,d774dda8acab57dc1f473be2a975cdf5,88.767593
860f75391be5698f015d3b234e7576d6,2343d4a98379202b11d3ec66c322ab57,3a1f0844864136aa18f6710238f40e6e,88.657778
49d602890c664bcee124fa70e94d9fb1,197979ae89666596c6a65ba20fb220ce,a18510dbe89fe5c4da9a9ceb4793fd4d,88.617836
876c5f7ffcad19a82c0da218ecf56ba3,37f6e52783daf8d5b0a61c8876c23b38,4deced9fc8e2ffea24dc10f87f6fafd9,88.185764
c0394cfa96258a94e368499f919a3ba6,ca263afd88a8a1200605adbd4b63cd7d,82fd1196a459f594fb1d66e667fc74c4,88.119039
fed519569d16e690df6f89cb99d4e682,adcd0c83cc5c1885f8dfcf0f9db19481,169dbd59d432dd792647dc89ba948d40,88.112153
24d9e83fe11e4390b69e1afb2b93f5ee,43d60e5304df2b3b2d51d32499266433,5235298169aca42202c801a309b63c37,87.969225
9af2c271654a36a48beefe342ba6208a,19225676ff2a0f88c9d5b21fbe69494e,5a2ea3fb1f6f20d1e8c5f2222cb383ae,87.338877
cb06773dbb3415543b78720a3986344e,23beb6d4a25c4ec53f57dab654990dab,5c3ed80bbf87273549529ebc6a45650d,87.192824
21560f93adbd9ada040a40909ac8619d,2771a9b2fefbbaee6eb0924c73b0b32e,686bfd58da52593419e1201d773af6d2,87.156875
3a2681b8e4c9f2171aaade5d578f2cb7,f771f4b3d070d0621bf89b9b66dbe8f1,499e36ddc9a7c36dd44e2dcd43a76620,87.130162
ecc6d0f3eb9435df737e1f0d9a1c6d3f,2d5cdc856665603f1580e3586bde89a5,42b0798ccc52aa08aab4693a33960eae,87.004514
d66f438b3fcdcf22e7224aaeaf525443,164f9ed9263550111efa1a5518d97dfb,9c3baed00b2a9346c17579ea668f3029,86.936701
f6dc4789e4669873c35f8f92fdbed89f,27a78fdbe7b915a0596af3a5803a41cb,4590ff46dd75f5b7ca1c5a8a3f1b1b5f,86.759248
d37b5d5b492f667ea230e377a97fe859,b041fef38844f3b487478d3c16c3ff90,059f6abcb045619604ec4af08b4b5456,86.107593
9c760a39c48113c1450dd5b65958d7fa,94e8d839953377c0025c4596afec9cc8,aaab824b480222c061bba0fa4886308e,85.925162
bf6656ef50e6fd00e7517b01d615b4f3,cb459c6af32347f6dd511553117bd080,5cddc0e7aa59980c2f6018bbbde4b776,85.880752
ec441c1966bfa602976763f330fc5168,e48247404129e18919a1425efabcf422,427ab04bb9a88ee00929a510651d77c2,85.760069
51d121ddc025c1b70f8f62a1b727aecf,8eddde296db4009f424c7a91011b7be0,010b143d83a59b355cd5a75c0f0fd785,85.500347
f7471d502dd946e0a2cb6020bf076808,7ceefd4f41f12d8806ac52ee4dc49f95,6f8c85df8511665fc02773d5eba0907b,84.912083
9a30b2294f18ddcee9918dd3f3554407,a7a879d8b939a94c51efe626a61f3d59,5de9ecce32c65cf52b1602cdac27f7f2,84.855799
9f5e91d56f3c3c192a0ee7fa88de7113,9f792c846e897702e89fb06829be1b0b,cbea65029850e25bb7ce971f2982f471,84.563426
3871b0ab0166a2f441fa762f5206cacc,388093f2361bae7f871b80bf9673e2ee,908e192e4db399ba3df7c844bbafa304,84.274919
4a875173bfb6a79bc80ade998b70132e,7a45994c67017557c12bf0ef5061325f,d3afe40f7060b3287d948a6bdea42687,84.030544
27e86d2ae0db33b8d242c9251067d97e,74bbb7eea3f17308c17374bf5f572b65,a51972957a794d949aa4f39ca52249fc,84.025949
6aa2294d9975e319365a586ba919de73,02b39a781ee24f6997ad691ea7a01491,47ee6fec7ba2a39c23a7c84127e1fac9,83.941597
e9b87dccd9c326a3325385087eb0150c,85a4fbdba48c815924115fb82330071c,110808d8c648f8737e1ba2fbdd5821c6,83.802130
1741b0bef7ccbc530ba7287000d5f49f,73cb7b68ebaea36d0678e616423e2618,e15c9f222bbdc4bf1d94606407787134,83.792199
507dc9becd4fc65635d90682dfa9d3a3,1378f9601350615613cc8832d6789c5d,6f429f70c82d9e5e7542ab3ddd773771,83.710382
a914b2be4782207abc6758095ec9e8aa,01787af385123b93ba50c5f05530ee12,0c57cbfd927d9e62af8beee6d48920b7,83.171007
947e93a9bb28256adebe49f78cff07ad,b191545cfb775e72c067683831bf4b0f,897da32e9712dafcf2fb6615aeb3318c,82.941887
b6c083700ca8c135ba9f0f132930d4e8,0be5691eb4c245d190a1e194494f754d,3c8194a8d47f5852dcd52ccbf364596e,82.883241
f62d6572c9c25b3796d058d7b833f8b7,0664199560952a51d76e1ccdadbd2cb7,8100c4de96dbf94a93a19c78c69a006d,82.088356
93eeb8745a219d35b7e32d796528b681,aca33246293a698b982644421ce2170c,18045b4512947089463f5efbdaa3c341,81.999398
eae0a83d752b1dd32697e0e7b4221656,71dab1155600756af6de79de92e712e3,4b8790aad555862909b489f99383b16c,81.940880
90f323e9f0948ddd96c6f6a8ecc75830,5239b7862883513b9ddc014d83eeec42,44aa72f4eebc8c0ff7a3636f6369201b,81.050000
732d307839b02bc2d3a4c26b515ea2b9,5510961b19757530245aca63bf486893,3d87ba4f7660501adecd3a4fa95886b2,81.027963
4ce423721c74231c174d0bb22367645a,5c92575d54d9782d6f943b342d27646f,8e3e95c75ca8b9168011d70008721a8e,81.020289
ed91e2bcbc71d72c1d7871961a01d3e3,12c9c573680ea81dcc89f5f147e64e84,505a00852bc2f5b6d0b53b7a04c2fbad,80.933738
dca9a13536adcef18c6c5859487347b1,9fafe6b668f5ea28dd3759326d76597a,bfecb4ee6ab98bff69307aab578db48a,80.730428
c8abffe7e68de3d6c4b6dd6d4c320dd4,5946778f2ee1bc2f6514f8e1cad43971,9a0b40ce54455397568178b50178b29e,80.681771
281e1e72207e518c29b249a1361a775d,e7502198c4c3631116855ae6a8df1725,e2747b7f8ef2d891fc5c127dc44c68b5,80.445625
71d2dbb6d2f52d568ca9d69c815a4331,ffe49171e120186dcc4c444b55691810,576adb3745bf32808dc8207fe39f8542,80.317025
a8df4001abe77cf8473902c2b7efe418,2669093ac4da5e6445749e5e36e24c6c,9aea3a72c2f44a11b792cc58320bed77,80.186562
8b4447c69feb2b408e29edc0fe9d0253,3cd9ad25e3764f6769112c081a0f08e4,6667ce63925742278c4eb0f5d83a913c,80.126956
e5bdbd18812e42788e7cbad7058fc0ab,f2e15e1de54cd372765716e6bbd61fa5,8eaff5985d99ef7dd4578cbdc31b430f,80.071157
7ebb3bb52aff91c642c9e4d81d4cbc95,ef4b0dc494de58aea86ac5293bbdb59f,7fdc2d3ef3675840269e08e7cfda9a91,80.050544
e7ceb5e15c42737c00925a715525dc67,4e5eb92b77d7214fc3587113fd8374d7,ed062e6ea6c0af6dd097266ccca93953,79.932812
db856e8cb7586dd746d36ee69f7dbe68,cde7e4455fa7083f7ab8c2d5eb0c8d12,d5ba4800b58a75d721450cb4ce724015,79.820579
473d9165586cfc6708841d07adf6c020,a29361cea3ac5ecb55cfc2c64b6c339a,9c5e0415bc4c4c089aa772c9387e0f8e,79.792176
92046e40af14f7f88398c748bb559cfe,53a55fb5597f90b6727f82626d65f179,bf475f9672e3314e2f2b503ceb340fd3,79.508252
c297bb9230dc3152522d0c2b4caa7a1a,03d5b9a74ff46435640f8bd737ac2237,934fea5db039921610aa5438f5cee7f8,79.086528
ba77e9b6506636dcbd03e463d4786f24,66bc92ed85c6ab828e10ff0cd1c5d026,142b0e3de54c110a3109b26c79d6ec2e,79.049861
e68856e8450afe7390b02d1b2bcefb29,16febac56c216c1cc40407ff81315a97,cd41a5bf3ffd542864ab33b17144968f,79.043391
baffecbd1fcc31f8a415cef1cd8cf772,75785442e7f4f3aee6dcdd92fd9328ba,e733891de1c5b78d0d7f77863402659b,78.988819
5ad96d7a95788923e8ff455366a90015,05c44e3898cc7d836584bfaaa36d0017,478427fc9787c3fe1edf66c81e466623,78.817060
ac95cdab584cac0e86ce97a5399ecf79,a5d205e529f228488e3bfc34e1b4e7e9,2b0d2d60eaf705257bf8fc3eac1680d6,78.529502
b4b0901bb872cf9972b32a05733b3394,7a8b0a61c3064cb97de68bddfd72d895,53b74e6d05c2fa0f3915c608e6537d30,78.379549
165d93a9d1da194b47da42c9cf810ebd,fa5f88521abe0927f354980a9648e15b,e6d1b2275402fa4946ee8a3d37712c93,78.221123
ca6d9bc2e717c2a0aa19d77a3bfa5398,7597acfdc4c37d290f854bba148c0e4f,7ea643d8802c6875dc51108bd2386c8d,78.179155
e7ea4c3049b0ffcb326d8fcf44a06c05,0d4c211b72251b5ab768bcad1228facc,4985a7fdb01bf57b6546b9ea5790adbd,78.036597
851eefea71a07755f017e75fae31f2fd,b92fc3d1e14e2ff2051230fda1012db2,cf93d49a9e8e671eb28c9eab24cf0f39,78.029734
d7a9f47a1c943e087a775dc2f9d43eb3,bfed0a7badf0fead6a8afff1f945ee51,12ed975e5a3e3025ddfa0eb174f739e2,77.824699
39104edef5e46d7b8c61848cc95e6d97,9f15e7cf61018edf0f17edb4c4d77b5b,a3bb82a765bf828134959a50bdc5f8cc,77.769630
03ef7f03905227e15c7b6c860554b3cb,1212d10dd1ebbfe6d18ccf86a805c680,a60e21c021af3e8b42bf68b8683800ac,77.754618
a4e8a2fb3d4d783c8eec5bf1ea80d3c6,0ddfc476b3973e3e3bdc022d2fd9d495,2a7f6f7d1d01dcffbddff5e6e3ad791f,77.744502
7379b57a7a2b9aa2741a1c564138b99a,b01b7777b351f49d79288d7ea2f56ffb,b55b34e107238df26137bc117f892827,77.632801
cef29e793e232d30250331804cdb7000,62b86d4e40eb55d675e2ff8be00dd5e9,56c93a3f93a1e7eb24ed51a6931dc488,77.555845
e7688fef5438be571d0c39bbb3e8e998,90427548a7f9b99089d5449bdc44dbf4,d3762703e4549c646c1f000b5094abea,77.309120
6321cbc5ca73fae88f1acccaa086ecdf,9e4b884a908c8fd41a0fbe60c53b58c2,56329c4faab8b220947aaf471b09e4a0,77.155775
a1f6aec75e41168caba548372f245c68,837a0e421299d67b3016cf712813c6dc,f275879ee3e5b5f212e1d4079ab21ec1,77.112616
7d87ba0bd6466390cf5d4c9735236086,d67445efbe81f76ebe2f1e2c474411f0,0e9a725e04f3fbc13f28d8f17c861013,77.007025
7bf1c59401206e31a78523077f3a1144,ec85c27a8b665a26a66f773bef603731,fa145f6e474f19a183553a249dc5a73b,76.980822
75eacb17f5ef482c37c7b7903f014ece,9f47d2a87f425d871b3dafe4bc377b01,b319c42146aa1548b1e415a91dd13789,76.815405
7395a64f37a30f9827ca4d8292b484e8,aea359f913e18f3bda3eb24a268b28f2,2179f6c7ed393f3abe065e8d69e7ed1e,76.793322
f172c33b146e90b95ee12499eb6632cb,2438d5b697d42d6c29d6cd8c6a7eef4f,3641f9fa33b23a96ddef8d28f440d8db,76.723796
b26fa76ddf33e534491e4ec46f51bc64,01dcbb39823b4cda39ddcc6679fb00ac,c29a7cc498263621590164d96d2953aa,76.719549
151e9edb34867eaece4d6e7ae188f261,b2966db1aadf7b21b86cbd1131855a68,fdd770b5f85e6ce0b1b549e331d424f5,76.511655
078f7e669cebf2fb640d0ad0dabb3068,8d684f38cd1edd267da04f1d65ec5eff,752829804c0080d1b395f5c9e8801e39,76.313160
9d8130e675ce6c1f24cd519444f7642b,5b16a0b742790fb2d2d775808a9d54a5,ec7450aa92a97c3397d0f535a6a78030,76.224711
86df00dc5fd68f4dd5d5945ca19f3ed6,5124343628b2cd43d0980ccc67353226,31b855608ca69e4146b737745506f2d5,76.156366
124bc956b56b1523d2a75b29a856085d,d51cbac21a49941976292ba004bf4165,987cfe3348684fc007a1e9a4825eadb4,76.104769
0e06af8004ffd01a3461e768f9f659aa,7b7e3ed4365b8e1e3f9ad98617b4b64f,55d599a99424bf5a0293a84f8f65a13f,75.925891
286d8f01f94a8061cef05c7c49efd8a9,d7123732c68ff880f12d65c308f133a9,dc7be13b2ee660f092e641982b4dfb69,75.580509
f0e310a6839dce9de1638e0fe5ab282a,d0a9dafd211ac9467af0318383ef4da1,84f2f3376f85a2095f8b1e318e285d45,75.482812
a660768f87f5460dead886e622dd5741,cefc3e3c58e8a79b920d05c63e320c69,fc2dd41f06d775c7fd26ecf8a529ae0a,75.466898
ae207cf8119fd10e3b9ac24570089fad,33bf2ecd9c887519e7c11288384fa270,6c122d18e485014d7f23bd0093465404,75.309630
aebdb8f05f5ebf99f858c1a75fb7035a,2777d11affc76c7163a6c3e0e739aa56,ed273cdf7e2668c17d6cb199ad52d7c4,75.033380
85ed7212fe192ab02ab44c95ba87868e,ff61c865c1495e71465c79009005611c,aae35f8d7c5a9806060218e572d8370d,74.978877
55efe0d41e47d41465ea4fb5f8badee0,8486f414a491ce27cbb5e501739d2d04,3237491ee1f51f346e175b2dc581b734,74.678785
f5d32f2ee3d4caec1870de481c276bd8,fbbd2baf2d839f10d73c99b4642ce46b,53d2ed65a0e7a0761bd6000d5dada878,74.526528
60863e9f13562f664b73e6f76ff85910,d1b7637acd3a7a42101faf9066e7309c,649b01370e30b79f0df619bf8ebc9201,74.340428
059d1f5650f05d9fed9a6d941593f9b4,1daf08cbd75c8c42c6febf36b63e4bb2,73fe3ec6e789782281c550a9349e0edd,74.085127
5461338ea772177374bcf3f23665178f,2a41e607e8c88abf9f0b0f8f982dce13,b27251efdb174e33b4c62af317cdc06f,73.988194
1650819cd492bbf4b9d189c7d4126475,0794929f95ad2d3371bf525e22a2603f,12b2eb7fee1eb7a195452bf2eff4028f,73.945069
e1224167b1a3f92781c2ff55b0b794be,f20cb0150781a32271cd460ad28a5ed2,8192ab7fdf1ebdc4ed10c42d0e211ba6,73.893414
3e43e6105506432c953e165fb2acf44c,ed0b6f8c8617370e53735a5d963bb5b6,e23ad32d5c15d9ad308baddc6262afea,73.609271
10b442e762ba8a5ad22de5ba2207e5f1,6bc068075770cc66b2bd231aec60f1be,883b467852944646af1b7eff7c0f5d35,73.441944
0333b2fc6ba7014702e08ef613850270,674507ad1e2b89ca471e872c4e8ef113,93cd78e1b92970d2a7e7251057f85153,73.301910
acc4424c209233de519e034152f30304,ffabaa69e709f1ec58faf2f706c8c8ee,fdf69195de599720c7b0292fb09fa55d,73.058438
394ac4de8f3acb14253c177f0e15bc58,60114243c9bedbdafe9bc312bd608936,35b6b206735a826adef009d685f69b16,73.020428
0df55f5accedda71bda8f4c7f590951f,680179732742008e49abbe7724279a81,fa9832914e7afeaf41fc9fbda5ca335f,72.970486
a38b86dce31f7c014a0c958b548f6a64,07161bfb5748163ca6d0478bda1b0a5a,c36078aedc2e7cf1108ddc431667f517,72.597627
42398dee8f2098eec5579129cc1a6f5e,d27c9535dfd56cfe107bc9eac1ac3e31,5536d8682e25ee3f39ed444105996fee,72.146366
c1ef581a9af244904429f1828f2747b8,27c49582f6db334767487df0646edb04,309f1c71e9955d6706a48a5640804865,72.002280
78c5bae602d6d120f6f4ed4acbd46284,dca4a82d39755569d7c236f6182575af,e102402236ce8457d678acd1d3370e64,71.961794
a3ad86e859f1d0466bc1beb77fdf218c,0507a74781354ea643bff372311d2a97,3bc3db2c8da17bdf6b0344b1a2ed7cb8,71.885914
0a609db8d244100909a15d65eadf8539,72cd8348e9ca7da3caf7a2c3f09ec40f,c1f0e475378c6500b5907a2134bda1da,71.832697
4291db0da71914754618cd789aebcd56,42fdf880ba16b47b59251dd489d4441a,f16cbac8a72057c2daba4b64662100ba,71.771076
f58595c5ecdf5e9781678b83ba2e0c21,4ccf6ee1044ab9f8ec63953f1f2a708d,54f8cc54ce619e267135641ade8c363e,71.682072
5908f8630bbd5a8d5984b25f85588168,84d151f7573342933c5d715a7911895c,6c8e7fccd3a9d60db49c0264c1806ed6,71.531019
05e52c1f96f8b83dd66dcdce679ff58d,dbec54e46dc0fa4809af85a952a4b4d6,ba9010430233c7f3cfea464354fed620,71.504942
d21fb1e8aee69c608f5c2fb5b6c28cad,37b680c6aa8ce81441e0e86dcb6d7822,438fe4022fc830fe3bb159983edd13d6,71.313322
6345e3b3ba5ee47685e29ec5febc8155,96caea89f911608c4d05f012e3c4efa9,ddf732195968469df311feb9d52e542a,71.162095
1da09dd64e235e7c2f29a4faff33535c,c41fcb90e5c4e310d014634135fb1279,a129b99db0bdcd92c62d71279de0670c,71.056238
2c6a91479a7dc00d8c9d650d8dee88ca,a009ada42a46d83328c627c1ffc57f56,d7bf53fc0c235f32fd61f11e6cc99a2a,70.997049
951008c1c9df3fe4fead603a9afdcb3b,59118abb5690ca1f5c31a26b1b7b7534,2fe3e3ee7c1249743f3c7391c05042b3,70.965718
a5c806ebe5b25d0ab1e7f0da0e17d6bc,87d43116721d5ee0c0748fd7d393cc9d,e1215367814d0d82c496bf4c6b2ba6f7,70.900671
cc47f99364c6a2b50a87c1bbb3e4f0f8,cbfed865ebb274e534eed412710b225f,a878aea89f040852ba82d7366fb4360c,70.095868
7311b47a208b4f5af09ccc62fafea9e2,2fc4ba497db1306b9048aceaf0f7e5a9,c6697f0b5a341cb2e357e996c100664a,69.977384
6caedf47165dd303190404ba0d47e802,cb4d128e05fcc01db72fc61636a9e49c,acdcdde1b4bbffb38a57ec5992ab1934,69.963229
5f66ee1b2e030748fdb83ab9b01a7064,d50b42288a180cabdc414b2d43b67a3d,87c98d8706c75e568d61dc02c6c9305d,69.901262
dce6dc77c19d239bfbe9d77dd4d0ef98,bde9dcf0dc69c52b11ed05d22d3ae4fd,a625881421471d07433770992a93acab,69.360532
b3a34bbf1a1d11885918ad3ad99083ae,082390c0275d73d20f55fec91903bbd7,e9bfa573b732937bcce0dfee81481cdb,69.126725
a74e3f2f887f14862e34c61ed0e4c5d0,4f9a5e34b38f10ef71c5753cc953be3a,55b5a2fb966c36bed46f082ad6062914,69.074618
3c25f47ab68536a1d3d6b29b9c8b7e63,325ec8a88062bc88aa724f174358df01,8e5eafb4c60eec3b291d9703cca5157f,69.069595
9bff77a776574edf41418ddd01bcbb4e,b32d875309c45ab9e5217b42c8b9e070,55bb87b958949d33812cf0a037320db7,69.060660
0bc9c245cd69735af23eefdd89d74e7e,04bef5ebaab368e72d66decdad88fddf,6fc020b0ec995fb761ee385f34df5a6a,69.003438
9eaee1fe94e2155bde44087d299c0b9d,ca4eb4e29e846ee17d6d1b96b28acabc,398f1723ca5725d585fbc000ec3edb05,68.926470
a8cb771f0d1d230407948d4ce2af5c3e,40a0d420733e7978f30e7a63616bba22,4b8e7be134dcdd11881a5e7de6c88627,68.899826
e7039843c54c69530bbf70d926baaab6,2e914af8bdaefffc2e6ea38a39a64d4a,7bbb6edafc3614ad57fb17a6ae04a502,68.613935
9910e92c18776a14048773cef6592b91,f0da18535563cff323fabde1c9316f85,03518b1ed227311405c355ccbda81a80,68.406192
bf448042b40749d8b95fe00c08a9b5cb,6dc67cb39f917644a71c8f9410d6505a,e883aa370777928f8939c79a58ef69b4,68.379363
ae11ab40faeb1f8b85f6308e052bd710,755fdf89024021c6324864182b6657b5,0332e2e8114f5904403029875ac75329,68.293773
0d4644eff058d75937ca1eec574bf87d,fa9ef315051f18a68686aca274ae8f2a,892b015e3a78c1b2fa5449f09af3df7b,68.261227
27d59fe7ff2ed894f826fd4a7e5466ea,ee9b8c41892be7b578ef5756d88fcf49,71c04eba03595f13adc87878455ffa92,68.218032
1c553721323d2cf153d114724b92118e,4fc507af490f1dfdd4eefcc6a0144b40,7237d14c846f1436c907372891468fd2,68.216470
acea13a79aeaf715ba68122e9deb330a,bcbc83ec3dc71750aff96a593b9e280f,55a90b35362150673d3546509274be53,68.105000
4681829483318507ed55682649de6571,81e25306758fe2071a7b0063beda2140,e4d96e6ad34780ade40c4b6dc2745a04,68.020463
336421b86cc4259a58106da261e0e000,b11277967c91e971b81a787a51849320,1e80bd664bc120ddf4d789b7b9455e14,68.004815
9aaa6812e0daefa1f7edd5f772297d2e,e1860ce96baa10d7f08d86aaf5927459,2e1f4c38207ae1b8011bbbfa7b96c34e,67.736840
fe59d5878cd80080edbd29b5a0a4e1cf,12546aaf14dc46dbdf45d8bf5dea4c60,806d3b5f15557ad3d5288d340271151f,67.683391
4e65032f1f574189fb793bac5a867bbc,c0ebe7b377d69896b580f578b99cfc98,649af2abdcd7f8f609dc36ee5d249a2f,67.622072
547d0504ca415eb4864fa3030f73d3f3,f71915184c3ccd8f36251500f01de53a,9b0ca49107c50799985679a726bfd9f1,67.361447
6832bd3ca1bf89c9e60bf3c91d846ec9,8df1c9e7f86ebc2ba79b482f5275ed6f,c6981eae927738695c85c3528192c98b,67.171146
52b8fc428690f8974a3d3ff3a162f7b7,8e5a0e7475967e4bc50f2ecc4e4f26d8,78d7bf360bb60d0dd4bd37663c126524,67.085069
334293c291f43a6aa85020f8597a171f,c43428e158013a24ec4a18007fd99082,2fd592f3553f88b7489e09179c93f261,66.720382
0bf1278577a2acf8532a031d98cd517c,801d980e779937cd76e2cb8de056a680,723ac9c5a1b83772c9e9cdfe4d94f5fc,66.600671
247e0dcd20596bee51bd2b07f633fa04,d2dee958cbda7c87cbc097cf2f5f6c1e,10ce8dab3f76d4cdd5dd2e9c6d5c3feb,66.386840
e836a4279bd9127752d8949d46f7a5a5,fe81190c131e3502197b1a4445343380,d42c0ebb65d63fd42b509a1573c281aa,66.288542
b8b3c435a58aebd788a477bed8342910,5246f33ed41cfa5f5b8f64e7bc8cf0c2,6dd0cc64fed627388bf95943af884f70,66.230243
75e750a6279d55f7137bb9e9bb8662cf,8a22f6bd4ea83c9fcdbf0235d55ea061,e8a260d6cd7b356d0688ef3b78277eb7,66.085336
95cfb39a7e263160308a934e42cfc4e0,1f1b93186b0c7281daf8f6c6145279d6,b0ff8ff92f8d916fa2e8005cd8e1a135,65.985984
d270eb25f6d487d94778d358b01c651f,f4f42b3e966b1ca5c443c6ce12dd6032,57867f9fcc30232da57d5af5b831a4d8,65.849398
e97081db25f1967ef831179b1995eead,a6cf11644446a2f66b35c06a3b61917a,b55f0a21f464a77eddb6a1b485795406,65.747477
44e64b7162915525578f601e73e72b16,07723291efda5721921a779f58cd3946,3a6be3906d26bffb0ee2c640eb2ac480,65.329190
cbebce165db72a2bfba9e81a3411bdf7,0cabda713646db439e030172e3feea6d,22fa8082b517d09f9120e84f11fbf3bd,65.167836
0451ef5a31cea3e14ce02d768d7c9943,02c9b2b746777e4dadcf72941e5a010d,e02dc68ec812b53123f583c142466f0f,65.077199
bd86b1862fe796149a4d2af57bd85451,aac634f35cf463dc4251abaa15e604e7,e9e6694329a69927508c82d943013cb5,65.058183
155af62b6c947689a67af5c16acd5c55,057712e71c25f78b04ba3452284c110b,97190f1266ff922bc8bab1fde79fbec0,65.051447
0aa1ab39ff2b837c05d7c9ff85b6d983,a4b3883d938d54ee36ea65cdfc552255,33b85e6449a3f1684051b4a02f871871,64.980093
869be6f00b4c49e72f9a1e2033baa9f0,d4b7cee184f5ec6e5819759fd4178b90,45655002c111b6037f3244f4692bb526,64.896076
043aee247e71edff7045664609f4d806,69d7a6c47dc11a476f79514694809c60,3a3aed58b078ba2d2105cd76ce7a76d7,64.155359
7a114c4d600e1eb56f331eba875d38a6,2e9a02fad8f4629cc049053cca7a9a1c,37c9baad44854a2d5ac7022b4228dbab,64.154664
3a41ac64aa715256d81e129f02b451bf,108f58a6439933a88e7950ee7b46ec11,b8eaf5e9d1583c47190523695464e441,64.053229
f6b12abd5112545273ecbdc84f6cf35f,9135c65d6b2718f079e23287d8459be2,504a512b08ad37f84e4d9b8de998f821,64.050197
08e5b38d7948d37fbb2a59fc5e175ab1,eb2d13a05138994cbcc09986aabdb9b3,aa9f3738c923b9391c7e9c59eda6aad4,64.025625
2b174670dbec666bbc68b6e2a4062740,64cbe98d3ef9d927297f7dea3fab17d6,aff32ddeb1d4fcd7baa9d10d9b5941eb,63.661840
85b33fdcff5e20584ac9ec8e3c559ea3,61924caaf0facc4cb3c580d9bdc2f690,ee1e5461125181b29a98058b3e16d26a,63.336400
cc44d1f72587f44e3af25f68f1db8cd2,d2d240860510d69b59a0ff9624d195b8,a13566e1ef3931ee9fc63bc9903446bb,63.254514
930ff10207a0155e4d569dc1b66714c2,eedb09f615e5d17f4367396623933751,1d911134e95ec6f299e80fe19b5b88c5,63.204954
696fca7af7f751e1749087433a92c790,a5bd353b2ac215ebe5c34f03dcd5361f,9419274d2366b746f60fce753c5a3618,63.146505
5ad84888519e10ff52d8af00641d41bc,577285c10c95871f906ac5ba6d9d902b,0e520b5aa77bac2965d232c9a023229d,62.940370
22f6af8201369f9eb96592db3142b9c2,bca16cf360ca8795f24ca0beaf2658be,23fecfa4bb4a22fea354fcab23bcf1cc,62.914028
1373e04979cfa0fb2092909abbd57f25,00b30bb163474583c14db1689259cf4d,481bba01f1c9a6070e8bdcaf7965b1e0,62.856123
63adc4def3cd3c39bd83083d737d98b5,5659543f2c384877607595dab0690d5d,92c735f4e752b94e7ba2fbebda5f4027,62.848808
211aaecea827d378c879c2b2f667c89d,05fd18ef3ce628a45cd42bb394ff081b,58346246ea802a21cb34124ed2326770,62.840648
dec5217f924eab1dae338b9b54f53558,9447715ad192d3c877e9dd56205c66dd,4cc479c410cb824d577fb1a31af7b002,62.587442
b46143871bd7f63bcbd5acd898b5e1ee,9f0e70e8d046d9e0626bbdaf1aff88c4,7cb4dff15cb0bfae18db9857cf0455f4,62.197407
4a6ccb379c9e5062ad3ce2324222fbf3,e251afd3ced38d4de3a5ece05d615ef5,9e4b90eef41ed5a85e2e2f8bef415075,62.086562
7ee9e6c80bf1b7ec4a52639eab6c128c,db7c883ba7581113260202fc55e73782,c92c52fc8165c38e21adf26ffcf62028,62.086562
ca26c28cab4d8cef1f2bc24e9bc78380,08b1c04da876c66dc6f09acfd8d12f4d,86bc0881e5fe366c66d6467b24bbac86,62.050637
929b8bad532f969fc414b7831ff3360d,18ed4e5757d8a37fcb75325f41d7165b,2355c3ba8f870f103fa43351ffc1a905,61.977975
d387ea85dc301a91740e31360d355686,6e49598a67a4161d3fe1299418fe5d43,7182a10886eba11ded33e2656379e6d1,61.921296
0621c2a5979d3e887ae519620cbe2926,53abe7c4aed1dfb3bf25e69723fd9a4d,57d94aaa6b72ca15b3e4801c6d5c0959,61.732477
67bddde1844b238fe25995cde1612b4e,cd81fccdeffb11e33de701e2c53c85c6,3153710333d5f537679eb85bc07bf953,61.629236
9d1773d6d4fb3faaf3173924d181952a,d71bc96c14d72c5f5b76bd286d6304f9,da0abbc0c93081d27e4ad10ffc4a631f,61.576470
a6ea57f856565adf869941339028fa05,139fda452e8ac63db51c90f3995dc480,71e22e2d99081d6dc07d9627bb85969e,61.392894
ef6f8fd740ae1fe88a80a321306bac50,a50a23ee8e09f54388b66da19c633bc4,010efe60bdadc9261d1902f3c1dda5f3,61.242951
e9523749328fe82cd18a39f8611a69b9,02cb14245fd2ce5926afb2225f28b002,6a7479a3e53e4e29f03b3ae5f83a5498,60.981227
6c70bee45f245a4ebeddb2ece21b567d,43d3cc829a59f03af73f2a7fc9542ee6,8dea586c46b239e29ba83efef7e28ec2,60.971458
110991b379efbcebb0d35cbd20bf9698,4f9b0bffe6ac71baea3848199b860f19,8f0f01a6b1970e8f3c336a6b93b96d9c,60.956042
297ec5afd18366f5ba27520cc4954151,fee72a68ce935ebf2939fe72f27d3d9b,00c9d0257381c7e9ec13b4505f25b2cf,60.810509
aaad6d68de5490cba508e4203ddc87de,cd11906a7f55196e1f9194034c7bf3e3,a7b52792324a5d54d8eb0277ab1f671c,60.810220
c863f613022e5ce024c630ffa65ab51d,dd46ed6749361613430203cd85006362,fc6e4c97f5307e9c1bc0797a45e40cbf,60.771736
33aca86429de0f71ff7118b93bb09712,f7641c0de17b431a84de1c1b1cc508fd,7df620c5efd94b149ee17db0a48e4916,60.421227
089bc915af34d9041b3a88a1aa84292b,8dab68fdbfe5d3e83b1ddc4fccde01cd,9d9d6000cf3720974ab8da03bcc741c2,60.417581
08642cd329066fe11ec63293f714f2f8,4c888e6e352d77cd1e8beea1f03985b7,ed3efbd3a87bea76c2812c66a0b32219,60.255081
011575986092c30523ecb71ff10cb473,0f28d51fdd4828907bdc58b57f672e84,ed0a6265b5b0a292cd537214f401f1fc,60.252303
c92f31f36283b5e3c4b4657734ea8c16,a8517ad7dc98471e355ea5c971d3a6d0,2805499c211b52dfc1e64a1349ef45e2,60.229109
04d3c2795b83634312bf3f86f41f7901,e88c93bf71895846c5dbc1cd709e2308,8863958cd300b0b2cfb1b8db3326dd38,60.131030
c0fc2e3595c750de75d36e7db9399e83,ae7c4721024efe600df6ac3fa7e52c58,ca3b7514c4c2ab7ba612094bee631db4,59.935255
4046cc9e4828038b58ee191e1f713466,5989e29098198898f9fe8490e6040c6b,8b531c937807bb67b6cfb0afa1be6ee3,59.932396
925751a747a151a7fa97f2f686d028c3,72366f977e624d8ec1d8cbaadbbf3c7a,c142c7ab64bc271555af4edbff4d53b8,59.660637
0b51518c7deffd54b13b007c9f91c3f0,d92a8706984271de71ada4185b112dcf,b4eeb5f8b01e30cfea0247dfbee0d054,59.658391
37d2d1ac62901f9a36cff32ca86c9337,d7f4e2f755cf2f40aa7c39804cfe01c4,e0f9660f398f606fc4326973728ad4cd,59.379722
2280ecb8db2591c39d1c7d3e9caa115c,ad810b94c2f3992f8c9ffd408af1e2c3,de4acd78231cc999a22fdba3a4dd348d,59.065440
053b7090271ed4dacbfe0afd6382bbab,829d14a0e060598e3de477687e72a312,5a32dae759e50279bf8e1b2be65edd27,59.038935
9077449283dc1319d5e51fb3159b28e2,b23878b3e8eb4d25a158f57d96331b18,1e3b30b2e066ae1200400ef9d72963c3,58.997488
2a3f4536e732a04cfad59b6e50c2e925,54056b0d1e99d13dfcb36c57dd33709c,b6007bc0214a24634dff19daab40bf21,58.986910
3a2d236fc85fdf338f179ca0cd725433,6fb3c0067e08ce7dfcdb62ebce42bb71,34e63d1843fa8269ed932133c6b58a3f,58.634468
819c65629034acc8a0e1c096c2c6715d,9dc032f4d0154877b3fdddff1324d5e8,55cb20782f4a6b0174ea7afdb736265c,58.478241
208ed8bf578938c97d49b3429358a424,bca67f1d036be009d17824489da2f178,8c2b7afd2cfc8fe9a8570263718ad09b,58.228495
a35e6ad969a4298593c504f69c03efb4,49c7df46784ee525af9f5cb40fc1d508,9327dfbb07028fce8769daa61e598891,58.183414
62b8761192c86f4ead06f4a433096a2b,58edf3f5f282ab91e0f6a6f2b85af02a,bd8d8c966c76e7dc0c5da96656641c7f,58.126655
3ea4185126195c34ed9949d8e406d570,f518949d44e76c5b33a8d2019191acae,1e48c52ecdb582b211ad22ae74ad2247,57.975706
fccfbf734a92029859c4fe58eff05114,6f7390ae95a89ea985e0d81b189e96d5,f69e374b5692141d4343de7c1025a875,57.848391
9f67aa18a87ea9a76854deeb9385c011,8e60a511ac30aacb9ded963801a906af,ce18cf057088cf275c41fc9510ed53ad,57.757523
6e14116d3471123fcf057c203fd7e801,f442020e13b718d40746ce039d97b4c2,ae443cb420061bab1f2c5e3ad279fde8,57.752338
fb8bc250f9f12a9121282d4b0d59485b,b1526a2bd67c99a417bbd10df7904bb0,02b8fcdd1bd75d7d5861f407dde29768,57.655671
e0a435b6106cae0bc42a2cef0565b622,fbea6a49d91331a6874627ab4aca845f,f17562c57401466801e6a378f504a6d0,57.244560
93427465b223bc8292b51bb86077b695,9cd3b076bc5d4205fc15c0b23dfc78bb,f3d2fb271269ba8f728d079575258095,57.124676
18f17efd50fd7e9595cc1a40205c937c,2cd690a78448d2d942353c66dd6f6064,bf19011f60f7f394faf33366baf9fa16,57.066678
cde37fe3a24ad875f5ff1482fd80a43e,576fed147504338aa428f01cb08ab5a4,1a46a59c4c13f2c52e453f8f490b7840,57.023831
996fdddf8cd5bbb99b221fcaf5ba1359,4cb7d866ce5acba93c58383df3081469,807d573c36fdd71594efae0ca1db554e,56.820764
a2d8125361b16f316df65f4603b88e23,bcd3587deb2f53804e0d3c39de932ec4,63b6220936ea4e0a55b1070abb7ee3f8,56.717731
8fe4f9a0d6a47babbd498127a9109bd1,b47fa5a498bfce5bc5658eda28570768,a2392ac22d661d26d7facf9ea5d6a5b8,56.673866
d8dc373219d0f95053c8d65df85a7f1c,2bedc0d7231e504d0476c606108e7e73,6b87336da12a7508327bfe1c03855707,56.622708
bf1dd33f93c58ea45d677d7e871e098e,940a542baeda1215a99a4fc39be706f1,824d9780d0313771024a0c70fe9dd9a7,56.602558
19cb65cc7310ae4eef4f15bb70539d01,5210cc27d1cb0011f4a1124f5507e163,28ff0422d12a02fb62ae4c9f9e9317f3,56.511875
60a22f2188cd2b544c45f103d0e00539,be3b8d058b8100d8a2539ce0b2c6ec0b,d1a10e07647c7845b8590cec57d589c1,56.246215
89be58cbdd6ef318e3ed93fdb22be178,5020a3db49225f967490d76021c7d13a,048297b4e795502db60be292e12dd390,56.176933
86b3fe2ecd895fa35d303e2a49b3130b,81fd689a1dae218d934b58243480b726,c34751f5d9af314e78959730157ff306,56.018461
1bcbeccb2851888f299cf9a5dba8553d,80288d8ccb8b1899f5377f27feebb1f0,a68b3ae8450a14f9ba0cc1b53574af62,56.018356
c51a1ea9fa9851c70f89d1178c861150,3578f604ba267d1491f68d8f929dbf28,e19633c5f388df807021cded7372d3bc,55.998148
969e62a47aec03c735127e6f11ad6564,ea38dbbe2044b5c96bf31ff508ba1aad,75808f860a87d99fd802237327cbef81,55.929468
6419a1be8feac26ec793667b71cbaeb4,897f5080530ad6a04d3aedf0756706dd,7122630ed5f706d6cc7faddb780673d9,55.895590
b530945168f12f82a3f9be3a5e243afa,323d6a7119864c4c95a2a27b45e89b6c,b4d1dd77cf2c5fe4f153c568189a1e39,55.488021
031ea691b99fc101dcad357d1a83573f,b87629f535e915b6f1e1853f764750c5,6a843358bc668f6e6b3c4b13de5e1b33,55.365069
c2919fbdb45366551c1e80d5cb35cd3f,700aa498c8151678850324adc6729e07,014e36af18c280a94d880a16b2f00713,55.306782
334d0235ca6f2f09dd55804a26efe952,69f645b07a409fb02369b4f665295d7f,bd1e1a304d04fa76626646f8efa12f77,55.289583
ad155bc0931cb6bab63d4ff2515c3159,150fb6d066c66925d51a48782deafdfe,e08de031276032b05881e30eac0860c9,55.088727
4ffd7cf05f22d7a320750a2f9e73f665,36af952fa00b09aef1c4c6020442a819,da39c74861319e1493b1c77b6222958a,55.057766
b18c8cbd9616a95055ef4146f3f805e1,1d85f2f091ba615cbd003bf7d3edc703,487e6e67e10e5756f886f5994439c22f,55.055660
9e527c9bc89a4228e5d8e136712ec63e,a7adf8d0ab081caab51b96af34523e00,72effeb8a2be92644dddb7dbf5df144a,55.024676
e05757dc57fc38f5156c82e9e4444f8f,05c60320bb28437325f2d6d67467d93c,1eaa935853fe167483625d418b44a5ca,55.018310
7c67f115342d01560cd438fad6346a3c,60d33f204669abf0795294143b54d6b4,93148127b5171218691072991e78bdbc,55.014190
77001b080dd723bc9a22e538e5e06e41,12c52aeb1dba3fcbef2e36accacca1e4,36261909efa8e717bcc65fa801b86949,55.002419
711066a7bba9951b1da0ce0f4302af23,ab3ef8ca43844d05e39ad47fc0bba7af,10e722e25378399056392a2c2c5ff9ba,54.491447
65e2735427dedd6a787e5b065b3cc41e,34c441b76d69e67457e0073633aeb4c0,f280ca4b6f953fa570dedf6f9b6f383b,54.452072
ab6ec178286e6a6d70e9bfe90378bd95,08ff2ba0393c3492409f044754015f74,ccf27ea35dc842ef81bc07ec33164b56,54.012106
9c3af16efacb7aa06aa3bc674556c5d6,b2b8934746a9afa7b38c8c1f88268ecb,5aac76cf7b07dd06fa4d50bf461d2f40,53.995266
21d3f0a4bf0cccf65dcfe93b8325d250,3810ddb734405f64afc7638fd96c9cb5,77fe12305bf8924a5cce7caf4bee2c4c,53.992905
0f64cafdb3e1e4806c99ff165305e27f,5c1d89aac6e3b4a8f69d548ea030179a,e0e83bdc2be394626d0f9177dcde0889,53.986829
dd6e665621eca3de5e37b072f7d50f0c,444134534ff42a9631f932653df1d132,0342b8bec301294021371c16411b6c40,53.941111
8d6512fa0e1c5cdbd789b956de79fe2f,573a63f55da869597574d6ce4e1719a3,7eb21cb5cc11e7dfa780480f4f6606df,53.851030
f982853f2882760f3a52e7bdfabb1080,4f7801b0527e8669f25d2f5488ea8a58,0a6941f89f53dc1f622f877b23601ed7,53.543310
ade4eefdf0232fa26f1988cb56edc58c,6006d946799bcba9a9fd13e50c442213,33401d2d0621ceae77505c91308ceddd,53.525405
df5ff0c899dd19ed568e3e0f716cbe20,40940dc8bce0d8f65258a5d2d293038b,96f5be02bc9ffc589f3274500a64a7e2,53.497593
7cb9a6b438fe0a5f228bfd32ff9e1a11,3b98cf066d0d2a5121f8c95bd97816c0,787ae1110521f3a8bc19a7ac93b8c914,52.912847
e11a1b428e150830944b665cb6b2d5da,1534abac962760cbb058568f7dffc105,9d0516ad96d793d308cec3c5929ed649,52.906505
a2027a1c6f9e04a875c44ea09061d3f2,8f696262d8132fbdbce8c529808084dc,414b227d34e12d2c95093f0bdb4c44bd,52.889537
10bf8afdd66da75c386fbacf04c85710,276d7fb126a7eebc4a3e660c4775e081,3e08aa33483ffe505b5de4748dc70c7f,52.810347
d3e6520dde5fda9917fb56ffc3066d66,e93662c430b438b8bd5d1bd6e35480a7,904122dde5546809eb8058e42e976ef1,52.725336
9d42d5ee226121b6dc867197ce0529cc,a27942f622b629d0c6fcc5245689454e,a2c95702477a50387ec1b32968bd9d40,52.465914
8e2055281d566229b5926cb77be54f81,a1dc31acde1a4fdecc6147fb567ebc1e,7208ed743ba6f3fb18b053cceca90240,52.041296
cbc71e02efb1d43b84f80b2a64d6013c,347f64f7117e953b9940c2e7cde190ba,94578264250da91b85c8e37ad48468b8,51.888808
821e75291b1ad362e614c0ea79fc95a6,a843db5b5fcf2b053e8ae0b87b02ffdc,f29d2e7d66aaf2845c93e1fe45fabc8a,51.619005
c937a5d7fe89380c128d9b8746495474,b28f0b71b3719fdab137d7263d469001,6916bfc2979a20759a964f5addee58d3,51.585787
121b5a0ae9d09a2ca5e8090fd2a00a58,e95221b086979e4c09eff4fef472ef04,7fadb5fea409b4722158492cd408177c,51.431528
0751ebe1c05ef7a632934adae06c6d4a,a2190a9035b404ef0f2156e0f0f06905,5bd66069fada7fd89c98b9a329d9737c,51.305718
ea8a37a119980ee4681e28145b39bb3b,9c83e5ae8ff2b5cad999c3dc6129a888,27a0c2a00aa85ff8202e8bd9c7dbd829,51.299907
c4a0864ef7d2deb7cdb86898faf6ffa6,73dfbf97cb48a39c55ddb4425192d931,da06df7d040d5e2bf092e9fc47954e43,51.234398
6e0d94e83bae00a64c12c9497158ee1c,a316607f76b8992b9ef01d8e7ee6933a,5accb23a030458bbfb5eb669903f05b7,51.193947
60f874c577dc096ecd52bd0bf6bd5942,f93c284c30e466bf61eeac67b49f1c7f,e99f27b73c1fb9070310e00d081d3c96,51.129213
d8ca95d946a44bf4af460bc5eea8c00f,53fafd0933d69603122f8f804fb76968,04f9ef79f6d6439da363d065445c2325,51.095266
ca12da7d856692d5cf4960c5edd99756,607e1a17f3e649f24abe13bb0dd25abe,d9c7513b739ea789b1724a5e75695f90,51.074086
674e552503d21cd547fdd0de0bfb9be2,6430ecb0185bdb039eaa6b867f26a893,57796a616d95192ef9a47a6634733f89,51.014178
24391449252cf6db04ce271b2a208d83,175f0e4be32fba394c8d7df818ed8425,02e405aa2667a116637cdb4affaf93c0,51.003669
ac987d464574ee0f743f9b630f937a27,4a81bd2160d16f8b9323ad482891284d,6afee35d4619c0d99cbf16d1e4e461eb,50.998380
0ad1d79346c3b98b517348ecbbadfbc6,bc3ec72d51f1b267777a3050c37949fd,b9a466084b46a9b6c6bbbfc102a6aa56,50.974954
f8af7fabb3e9e70beee01db243cd3eaa,529aada4497d124d483d26ebb8ae9606,bac2b1fb4eb632cd04d6c26f47b61ff9,50.908681
ef3aa901ca7f8bc099be6fd33f8daba6,0e2aae39225d075cc7fdfda12ef5434f,45ee4a244dd8a9df576959533aca1d6b,50.648507
b7737cd1c12adf6a0bc2de497ce2935d,bbf99c13cca74b92b287695076073f09,bd0d8e38394d7cb075e6c93b3ebe1180,50.516007
4e2d666f4bbc94a8ded712172a433d65,a2f084633c53f198fb3ba4148fd4a148,3ae23891986e183545f58cbc836a0106,50.414537
636443768344855307bfe5f2f2f6ba2e,c4de71df747f541f59a618d019281366,209e55ebe1b6ee30b02a4c07d7fc0cc8,50.099271
02168ea18740a0fdaaa15f11bebba5db,6c1798a95735e69db81fe92f8c40bdb4,9cf677fc6e42f8256b310109fe5f2333,50.047002
54c7b4f48fb9e911bf328bf9884ca61d,38c0ff8cba12452ea772d687ec01ad56,da9d5d868a28b17116214d1240c22837,50.012546
8961b4ca2c5aceb7a78ea72c6e0c840a,634b12cc99145e1398b5f8fc1321c058,8385aedfa19a31e7d4871586bd47de2c,49.966782
987fadd385777d8f27edac709bc9fb61,ace21e63d47750bf1c9d30301b61db13,7cba130d7fd9cbf1fa889eaaf7c89d29,49.930486
6a2c39f27e5c40a4d2a0cd94aeb8c925,8a060d4d621f570de2264a68ad8b901c,bdc6d13db4338777a27724c65a0248c6,49.884815
0937f85b7a96b6ad600405e9bf94255b,199e57082aefc964e7135792059718a9,22fe4109ea0b3227fa3a2f5370ec9691,49.852500
0d153268371aa25450d4117ff070277e,c4045d70da44ecbef2afb4407592fe90,943dc313319b98a46f1aa70d59b68715,49.748264
2ac6f6d09c75bb721defa2eb7a4f52a1,2dae77f82d0fb01696161694e6db31bb,6ca5c63fb52f32ccf5309fddb636c3a8,49.227488
95160caf14611a705759de6bf13555b6,740b489def00f1dd64ba1d3c169020ba,4438691d291f7a436db5665e8d010ac9,49.196354
657dec397f46d84dbe64df2b0389b3cc,c6d8f474e874648f28e2947840899635,eaec9353fdfdae46bfe3cd8dac18b0c8,49.179352
4be8154b42b4593fae17f1b2cb375615,f50b6f864012d10caa8170ff1994cc54,57f3dce57b231e9b80186f99ded08cf8,49.140637
346534c8088852932d947f4b8fea3959,6814dd9f19453f44a2e1bdd19b963708,136d740adc5aa0d3ad07f279eeb5b665,49.136389
8fe6fc853d687dac18df5b163f84d438,9c9c501f71dcf81d14d006826972733a,a805d7a514bcde0719f99ddf2a3bb31d,49.107442
12c54f6dfd4b723a6c76c4c989494422,a0b49a0330e926df75d422934cc90cf8,89035fb6f9ed1693ad716ef81c18cdb2,49.019850
d64023c35e5c1452ce568e993ac12c86,4d890e83adf9bc9532d53b2227e92c7b,196427c776696ff46b1edcaf8f000dbe,48.995463
5616f75d22507069b5383854a1d8c414,b60b122b336eaee3323565272f117bec,19c54d85fa291d4193fe838cbde71403,48.985312
aaf97f99c731d8d84810ff16e6ded10d,f556a3fc910afcacd3b1df7c7f120ecd,453887e7d1a2fbd4beda6f9dbeaf1b4d,48.962593
a253d10c681ebc4ee987907d2fd156ce,9878f33f592676d910a779d534fe5024,25bf4fc1a8e7ebf66f0c47dc36c00f77,48.856354
5cbfdb85ec130898108b32c50d619c39,e65fa5f31ce4436d38bcf5e109fd43e4,d640a4c3a88331780424c072148b386d,48.825648
9627e55290c60f562fa06f399ec6b82f,f5d086ba1ba04aa3f5417e0b6961348a,a56f9a0588c3c7aaaa93f193bd7c7cd3,48.786562
08b57f87bc889756ca453bf8106d48ce,61195bf75f057881046ec1ee19f80037,2db42ea65de6f21be729a6671b074a4b,48.765058
7b53ce3d0ba1f84b0ebcef52fffb110d,79ba63b5e2113df41f0097eb9e9d143a,b8363d01d95d576ce95a9283c6e12edc,48.652512
d9ad5b8ce105bd3baced4648987fbbfc,bbb8f308ef79e2783aa8714a4fa7e2a8,aacbf13db267af0f239fc7ff5dd513ff,48.592164
f145d50379275ab9931636f83b0102eb,f8c9df743a18aeeedd550486dbe39689,66d560d1c77317086f3332a6715ac1c1,48.554167
16bd767d18bf82bb09fc51520f7ea5ab,3594036dc631b02c14cd17fd933d3068,916d528035e91b8200b31e89ea89bef9,48.413368
3e7bb77746c1489704b3e041860dfb6d,f8ff7718b4af94066e8301cc10c1cb7c,0c41735db7b9b04cffb97ff1309cbee4,48.308391
3d75cbf8643a1c15723adb850fb5f928,95a1df36f1ae09c33e97d8e7ffd71273,d6235477014458ade86158040370fca8,48.289502
d44f553a3663a6323c901cf1f0a47c87,1728847cf9a9a8c5f57a2e38bec5ecf9,57d0641da97fead93c9541a7c3b1fc75,48.210417
552fc05a13d28356a38e8b13f64cbe4f,c9c0bd3b9db92cebece12e761bb8454c,4c09b402a17b72a4a9338d51a8759b4a,48.116169
291d020953194db1b8578ff8d9959c62,aad1f17a009853a69d204e2c5e58a11c,7c0c61f5d61aad026c439caf370a92f2,48.087755
7f50c43baa66aae590aa1a067427cce5,c3268641873c510f155cf452759b1ace,40882c452ec4e7cc53c1a084173f79a5,48.016019
b440e4b2919c01d29cebadaf09ef7272,c810304332560d2e653d082b66d3cd1d,36f66ebfbd144aa6fb39338bd87b0bf9,48.014352
33aa371b7512b6a9fede4f231e212226,604ed3ff72a9c67c6fcf940e6ba3bec0,a794d432d0990aa47220cda510a0a872,47.993021
6c722fdc0ca8a586dcfa980f2f1278eb,6259deeab2f6daedf07d0574adda7fff,8669133949d3dda2b99bec214c2c299f,47.961169
b896655e2083a1d76b7b85df8fc86e40,524dd16d182003f56199d068e2a1d50c,dfec7411ab4ba17202e5aa72bcd3a3e1,47.943229
5fe117882be55ee9ad0d6c6c56d11019,92a60576ef193ed1dedf55ae74b293f8,aa9c455b2d9888927e1b006b22980c5e,47.935023
597e54e653cbc1ce5df1e6d97bbc448c,f7dca277a6bb273200598f0e36319d94,2431a0e08b6e889d8acf165d559a4d3a,47.788912
6c005d6d2d21634f3eabb0720c780d75,7cbb15d12a1bb13fde596f305857b22e,0f4fb5e0b20cdd9ef2fe37b2627f2cfe,47.282512
5e3e9e897d07a80fc2af58088a84812a,2261b9c8d492c061b64df8558ae4543f,182c7c260aa89ec58595803372f60d1a,47.219491
4f2029f4e7aea8455f5c1cb9de0b7ccd,be46df5b75c8aa56a4c1ac18cf4429ba,b29379bd37fb3341ad28686c0878a7a4,47.192477
528553785a32652e5b1f5dc33899f754,8a690db6867c58d3ed896a9a2127746b,505600165af42b25a7f2f17756eb1b8c,47.163194
927f5d7e01917bb3b8aeb3260ca42663,86e15c44520932e049ca96660a60b776,d14da316939ad2245cd4bb898bc45a62,47.041620
f1e73ad158b38954c23f5668894b3d46,317fb26a1a8a29eb9d6e36996afcffc2,44b96d7a837be4595325c31fef81022c,46.971759
9947c0ed8bf41cd508a78da36abc1d41,aa26b333bebbd16d5bbc7a070574be08,81039bb5e28d76cd6757558d5800a617,46.946944
217394922e43c19740ea4464e63ca8e0,d673513c79ca55525c1a535452b4b6e4,647435133861948067a0b68eb68b4357,46.943843
270c0ad2a232e4a10be51000bc69eb03,3f3f8127c7e0537f9f74550f3504f93d,1e7b55dfee29c0ed7edb54c8cfeaf244,46.936829
4b1141303289a23d05776bd25076c2fd,fe4979a6778e2fa4ae731cbe532d30e0,ee853ac1586ba81c396f4612daa1553f,46.860069
5416f8ad5bc33953624084ebc8738307,516dd8f615e6c71be4e8e1b1ad5de684,6a7509b21939697564bb0b5aac2c8187,46.805197
eed4189bfc1ea0c708e927cf93d63bdf,4ef09dfdc36677a4d599a0c1acace4ff,f1b8509dee2f914e33ace8b9555a7e51,46.759456
6edeeed37ddd3dee7559f358b023ef9b,cb7cdbc81a72944010981bb56fe37f54,334ed4f858d2361daeaf939cd365c42b,46.737847
a944a93bfa1d65b1523c45f9ccb01ec0,cd8f1098418f4fcc23c29232d9c04dd2,30af846e182aa12984d1454721036e8e,46.667477
a2ee01609cebac76651bfc4814f5500e,a62140d1eb99239dd849b909a48a0971,f44109a5bdeb8222bc76288fe1751d35,46.533426
5f45aa4ef9b8fb99b95d33a970bb64a7,bfb369fd1877d8e3192f79562eacb5e8,0647f4a0c12192bfb5ea1032d2e2ecdb,46.417488
15d2493aa522c1040d639aa74bd1fb31,b7248875eca77a299fa182dc16258c77,bfcec6fcc6a68c5505537bb8a0a38039,46.249491
4186b96df8197e7b4982a751c1dde3b6,cbbf61b366cb1ca7a9f9b954e8f345b5,da53145615b1d679fc6a9f3121d8bd85,46.247778
634420a0ea42302205032ed44ac7fccc,b115422b830bf2840fccf6f0d6678ab2,616fa7d4871b87832197b2a137a115d2,46.097523
dff5ff8f411dd1d77875f7e17a3eb512,1194026a5099a99736bc99ca91903fb4,2dd08b72f1dfc49c74883302437e6f6d,46.032234
bc2387c48428a2e128eaa3d5b18b3591,e38f9946fb20db4a597eed7547c59afc,875465832a4acaeac638683b74ba9886,46.022465
dd25b514ee922669e5de2d638199a3e3,7fc972218babb3bd6cc41ada5145606f,1aa61b751b1fcf147418fe35148bd4cc,45.972222
ad0ab3a7b55bde26410aff17192f6699,7d2ce95144e1dac8886fa0b3d498baf2,0e7e973a8d82ae12e070d767abed8960,45.952396
ddcbd9c87bce192fc14812129a7894da,b41f51ebf23530b00f69e5602f81a653,6939582f505ed6bf44bd9a1bde337711,45.951285
0c8ac932c65f67489929f9164a86606d,b708a78d59d407b8733f3f3e9b11596e,7bb5a7e4263888da1c8db8cbdc6330c5,45.677072
7018a5e068b8fd0912fed2d02952df23,3208081336d844f7752b1e939dd1bbac,911022dc32144d6899afd62e7fe0734e,45.558692
05ef855308303397f1427f29470bb6ab,c40e2f36cb82dc5413567d994a7add93,933b44007775d08defe992a330429cbb,45.442731
c2e9a50bcf76b5783bc96f906f95bceb,68d30b64daa2ee72a7f61b86717c20f4,4244beeae3f68e6527250aa88ea5346c,45.258125
8492c2c6148ac3449374058371dc78c6,b27504af5e7290f1a8e28b74ac2a6981,982c51d6339b46194f28cd465e72e740,45.197037
87914dda99d76004bfd05778028fa7e8,5462150a55227cc8cba846f26101492e,742832acf7be7363a4480a9b4ff84bfa,45.005613
bfc84496b1100cbbd83a6f8087526168,9f076b87261e6c9894139da7d41eb02d,83ac7baaa477085adfafa311103efaf5,44.972338
1f9756abd497b76eeccb492bfe91df35,0a0d4509c14ceb9b0f6555e07c45d167,e894c57e9986a9c5936b17fe19400a6a,44.919583
54ed3f082c9e7725a0e26e9e682fc825,0c17d2ca8fea3e6d807410a0c0c44746,225c6cf7ed45310f85da43b31dab00ff,44.756620
6b1b676621a55a12546f8eeeaa12d4a7,ab459ccd2e24ef6d6390517c8b9809a4,fa014da3aa5b1fd99b79a24c7a17d778,44.599190
fa0ee7ceb94193fb02aa78ce3a55695a,b37a7be6fbd41461b87deafd8b902cc6,6abaad69b8b349c3a529b4b91ce18e46,44.572546
88f21f18f1c3152b023a22a0f42bdab3,b6133255f440562f2b6d004d1b24743d,867f74e7d9350af5b0a100bb329fe38e,44.277558
d3857f98166ef23ca95d44cbe9b1828c,81f8f469c9ebd7916d4d35d7b379127c,da7b74f9f21e34cc002c5910de20ef9e,44.163843
8ac0c45f8e89a3d25738b3700ee9e132,9e3da6194f6653e6809404d0804dd069,fe9dfb5a8e406ad9ebccdae758e0bdaa,44.006019
8dfbc9064378d19ac99a21ac353072d7,cd76219509e0336ea669b48075e068e1,1498068c608b11a2902e212d4d65d62c,43.879062
035e7cd88b7450fd33efeca817081a53,2c60a2b23a96f36c97dbe108da3ab34f,caf12c43defcd1c679e73f2398192965,43.829826
508f416faa150cd3249d045d81c93399,5016bbd9915b475906c3e5db8f45bfe6,5dccc65b256263ec10925fa3a3d7ef48,43.826701
b3806e7118d02476c96b3dd8578dd07f,6a346767428dbe844fc5dc660510bc45,56682efd6be4b8aaa662d4536084b09b,43.825058
a32fd99e791dbe323486039bce9ac35e,aa253701e17f4db9147a15539bcacfd2,f41fbf3e30f0f79822348910ca2009f2,43.800150
e9dd12dca17352644a959d9dea133935,f916cacb752116d552d42759c8da0cca,19c0c76962278b152cc44fc63ffd5e48,43.646273
cbe71e4cb0b82b97bbec5cd51e0fa3ea,a8bac9fbf4f824af91ea3ec34f454ae2,7e725a02a94edf1bb07180293cbb29d9,43.608970
84fa4ef93ec67a77a0329933dbf190cf,2276cb7758bd76c104cd5a3971f47e9e,7a74611af770d37eb88aa4c25cc04eb6,43.213299
8f891a5f40cb72bf5fabda4997b4a625,e43a94e0ef58ee8b2507c9176c7581d1,3463c5474c21c4b02543cb5e9607f4e3,43.204850
b14ef688a7c1a52e7437298085d9d62b,a3ef589d94a7dd3b117dc0e46c29d479,af07804a2d53e8639954baf97fbf803a,43.138519
6223bdc5aab952ee49dea3511f89e7ec,338fbb25496b4365065adc83c56a0729,3bd0f236adc665a39d6119dea1d84854,42.950359
6d97028799b1d0a91160e11d45cfeb7b,f7a395a125a7e8815b2b8c19bcfd6967,705de20d99bad1d33f30357181b9e9ad,42.913403
c9c6d353f4101827b3dbc83b093b2fe6,f96c24233b2160cbda61f76e59f81412,54c48a1401020a79d5d52ff20cb07aa7,42.907963
8746f1ba2e19bcf8bc03a946a0923d78,5040757d4e06a4be96d3827b860b4e7c,9605975885973e23e8aa9d1a8d3e81bb,42.897975
9735b1a02ad4d2b3747e9a74cad789a1,d6d7735ea8ca2ff812e770a2bde2b193,e10c9ad36c79606f76bfc8da8eb83aa5,42.871586
255ac312f5ceb97163ec60f0db2eee11,4c4dfbd9dceafac8eb2e502352559f18,4eb514337231826065b55177f5f9e267,42.855799
b434a4f306b4eb09c0d57b76f0c4684d,f22644ff4e2002aee973a3f3f815b135,d0b7e763d0e6a967ce3eab75dd63f912,42.809410
2b9bd15bf8e54b231c518790c55e5f92,c9fe3cca849fd78e942704ee0078cedf,9e1c6d5149a241963c2e3a2ddaba98a1,42.728333
44a22a3351d7f1bb3d337d1be11b41fb,a02db77e1f2b1eb32c2cf8793740843d,042cfa84b1415cdcea821bcbc1bb8f4c,42.565648
3fdc39171d444e1a1cd4da98ac2e4adb,1b0816f005179796807a9b23f4c2df11,34c5c02777cc9ff009021f208b971041,42.267014
29ae9e23943929ef3f3951a883462955,e9b878264e94e17134221e4e9afd378b,23e1bad4a8ef314a7fe34fa71082d429,42.156713
012a218df8995d3ec3bb221828360c86,e89e48d863049f7ca8a49758ae99f58a,207258d556f9b9784b54de837ae49286,42.111354
9475b70c3d9add279a65672fca348944,c378d1766ed412f14e38a4fd8547f9e9,cd62738b275de1aca104da8e9ee761a8,42.013623
3bab949ef05da8e9b3cfd541b6af0ffd,ddb18ea9ad3aa3a2ab5420b75a12458b,64bbe3a7dae1ea0dae5ac315fe779596,41.921493
3de0c9303f39b7ccfe69ca11aee19cc6,10ccb4dc0cc0d605b71afdcf4584128e,e4dbab8bc2ed64c1bfeb63cf0765c0c1,41.917940
05669445931c028d97b7c0637b5a2359,28ae7dbc99157a977761ee40698dea20,c671f90758b4e249a77ccaf0726e2fba,41.757257
7e094f060802ff5e25bef767446968d3,666e488ce51569ca13755283bce0e7f0,b74b01e1553f1129b7aa5c0b73016c62,41.719051
7a774055fedca2666e77244c5e50368f,8cd59737a938a31e140272aabb715543,58af2a09b442a8b28f672e56ad7154b5,41.430359
2f2f4b5a5700a5b108e6da7f0f5f5bb3,cf8565a85deb141e6113476f67622a70,ca70cf8792727da384ba1b6e384cfbf6,41.405243
0697142614905a50813d854fa08b8eaf,00ab210695a17fe10e6b23616ae5bc97,d10471750e335e783fff1bc755988a86,41.398484
ef309784561fed416ff25e05ddfe495e,83a5318382fbbea998fec6417a9b8030,d0e7875fcf8fa009f5295ad397fc7e18,41.300602
bc0d7bb032bbf422fc74bb279c47de1e,e18f0fd2df4f25844746735c988bf005,18424f62e6457228cde82092ec2252df,41.199525
3ae522de6b23a3699ef105d4c4b3b82d,dc70e9ac18df7e49a5a51fb2ec9a5b02,8c7b47a875c412c4303eefc88e9d92c9,41.163958
2ef9e79cf6bf3c0dac3b48c8dd46259e,af4bc5e9bc2ad444c7d4e2fc8e45ebda,4e839b1ce670c701bd83a9d9aeb58969,41.125822
fcceb56470bf0b4d59caa87e111ca69e,36c7f50567d882b974a2294acf6f15c3,851c72a772c3703bd071ae71f797edb4,41.083958
115030e27b9970683ad81cb05679157c,3cce272fa362fe558667d1ae4a48d16c,058af2b14bd6831bf3350cc96b0f4822,41.067315
dd7b0e9b51e5377bd9c1fd3e286c7b9d,2122719f6fc72fba16b0b3001d539a7e,93be3c680089cedbd7306a23dba47168,41.035266
752041fd42cbe3a4f4dea0d68a0a6edd,3324e0b9570581be76b4559b10df4aba,5b298cf66c6dc0f681cb4b104a799c5d,41.008113
e3c95cff4b8cca496061b369eaa006f7,eeb83825e7b42838b690119b24688b74,971602526032659f775bbbe5b9142179,40.989271
17c7da60a0690728119612a54035452d,626b349f722088587417d2c277329c5c,0368b1d608cf0cc5246c6110754d8fee,40.886944
7d0983269f825d3112e5a64364b1258a,fe157fed1771944584f95dce138eefad,9fe28378e5a0c6b3f55ed7be6edf9ff4,40.592708
da8f764b90a3b800f31d093c22cd3074,87af7bf20f2a742dbb71cdcf0f8475c8,39fe0f3cac902673a46b974f5d4a8528,40.554549
0807baeeeaa1309effbd9a9dee41ab17,3086869d9ce957007e5ac7f36ad0d21a,8f6dccb4b483eca3ba0237c1db35fd0c,40.424201
83935d750c83951d7d0211a3c60e78fd,a9fc49d2e84da72c75e2fdb6311a221c,b3fab805e1464e66b1cdeada30e954c6,40.056296
14a188558af6cd5bc222ca773d395a7f,fa4c0ad484374bf0485f99f6a57255a5,6be7d999fa8bac782218f8e6281ff562,40.034109
636f22218f8430a8463c5ddc5f68fc62,5fed29bc3234f8a50dcdafe6754b62ce,fb48412e17956a7f4696c7724d60f330,40.008530
177c725937ae5f96171bb8b43f196dfa,094303c767dff093564257cc4d0e2c29,405681d4d6342114f04f4e25f4d90068,39.884433
07342638d0e0aad32c3cf0efc1a37ba5,b52c5e0a82ec048d983882e4d539394f,4671212f0e4f559c957baffa7a97aec5,39.742836
24259224caf748993c177ebf964c2e6e,1c27cc37a379d096751586f7c8040f7c,5cbc4966cc894d0b1ad64e7747264335,39.475035
d5b4fce33a7ef8e6025bff334e6bbf1d,aade48c1fd0adef0f33df25f995d379c,ce5a9de9a8a2c2a47c627c3615f90700,39.376458
c1977e8e3ea0900e70cd1dd70123d382,0e819cea051490ffa56c86778fe28c9d,c5e13c21c49b30c15c64f761f68ed8c2,39.239514
2cf396c9e24e7627ff042cccb209b9e6,5479f014d5015a0feaf35483c4bb73b3,7ed696782f4472458c5f1fc95bf5d6ed,39.220822
5ff735d120cf4ec4adefd9766f703bf5,38edd38dc17b36d7fd7554100453f1bd,ca61d72c0b9e1072b94af79bac8ff610,39.149942
d2c30c00f9787faf7349ea558c153613,0c5f4de2e1c08a6da891feaafcf35d1e,752fa58357e17806a310c0739bf909fb,39.096586
5c00e849b56a56ea31560d5d66f933e9,15dd36b746e48dfec9824dcebef22b7f,dcbd516c0f39081a5e542ef76bbc3fe4,39.090613
a72a2d4e19868dba726c0e6f49198c7e,a29af77084743dcf5b484cd0c19daa9b,488bbe7460a648792b11ac9b3755e44f,38.984954
681405a99faf3ac8afc2dc018a3f67bb,56f251ca89f74d06076966d5d49b9dc6,b93b56bfb9867dddd26df4ee3efa2eb6,38.844375
af51e8dd1c30737ba2dd0ece8cfa294d,72fa449394ed9dc9093819f93ca563af,b6b73b9c0cab8ac7a2b02a49623d4cfe,38.837014
015557c9912277312b9073947804a7ba,482c052df6392e43296eba90754938fc,48d9d778ca005971949d2ccad7e99d70,38.668600
cf32aeb4e8a323e6499a573ac5c90326,c91819424b628993175c3629a8b4fdd6,15e85e81d299aec57b1bbdba38422dff,38.656250
3b97119ab53db4ae0144dff13c2ee26b,1d090f0194c35ed8b589f82f102bd758,f683cdbdf58d83a900ba15a1df6351b2,38.625833
dc80a79483121fee90b0d2f53d1054f5,d69fcef5a5fe3a3db60ea65c6ee499cc,399245c562fb9bbf701ec413495ffb35,38.594907
b079e8a1977edd900b4522be9dec0245,41e058d34a41343f01cdc9a6add38423,d2d1dffb59073c276cdd5dc8d4c609c6,38.217546
cc22ee560df02b4c4f088ac4233fa87d,b6dfaa6e9eb8b7356276c90969376f51,d614d13ed2aca6884ec736b100a96c50,38.208484
935e66642fcb2baa8c1782a29570d905,1def557ed62966137b261a8229f74e39,20d69c16639be3f1e32de06430505970,38.079711
b04b3653ac441004b247e96ac0829d0c,17b6e0171d3c86549c28e1630bff91c8,090342fe317c0444e8220e4d902579cf,38.042465
79444cb5bb16964eea4c5abb2d3aa023,f94765982f45d2bae74c9cbf55d37387,085c1b501f2aed6dc60955055e9567bd,37.984039
2f7c8c8386941ce0ef458ca7ff304123,3e28393f83efb34c56df093513721d60,fb76ca91d6aa4a18429f91a8991355c9,37.353102
c988628b7bc5d9c645eb7a3a66f31b46,48c159ee1d25916d79ad14e2160a0d31,1239d3562a6ab53c79a35595a63c5c59,37.229861
ba54ee5be417c0558c060a3186451248,7aa979e2fd1c3284a815de85753464cb,b5e50b7fddcc5f12ecb97b4d5f455f61,37.229803
ed917c786a8a3e411eae87aeca27cb27,54219c88839d9b1991f5550734f20c9f,4c08f008753759d67d8ef45942f1a891,37.067257
1c628081cb579ed6035b9aa8614e69f4,c967ef4ad213d1be9e71a0817b5365de,4a359800ff0688de3eabc92972987238,37.030139
1b95e3fe033836c787689ae4b9516aa3,5df11955c9e776e57bf66071651f6db7,87440684f2020256690b3267299053f6,37.028819
2ae3c67452283d5a0d30b32e0d33296e,2711a938db643b3f0b62ee2c8a2784aa,878d8b6c3b9905f2eb5fe9d390c4c7db,36.996100
f0a8e36658d6d08f6e96b9ecf389fd52,3fed89335b07739e36d2b4680ce3e900,843f956709f0a664d816bee124544122,36.982546
728a151b4593fb7ae0787158df28752a,4ffa6925f9e9d85f1da329843f349238,1ac4ac576a3e3ef61ffbb64937ed1f62,36.802951
f8c74f26f568c1b52cd212e700e977df,f6cc5ac0be9196f2fb3db04bace5cd8b,78c2bc594a0e2c77b9319a281f7bb7af,36.802535
221ae88140600106a982acb69a0add50,c3dcabeec7fe9ac4201e8b9d04cf64f1,cb34150c7912c6a848be6a756d4e97b3,36.638148
805f4b6e9ce80113e9e5cfbefa9577e3,a28900d6db45f7fe7433f5fba72c30b8,724c961debc8da1bfd7c243def4d63c5,36.272558
5b3b19201bb81179198a9ce0d26ae56f,56286095ef8730771df8d223978236ed,a40edbe5d365b2950b82a2275a5b211a,36.195475
779f7ec7155dfd74a8425e40c4d34497,51585e1d994a841c66c0da52ae3ce522,fdff9c6a7acb0e02d1cea8d18811e251,36.172650
ec8d6e9f822cddd2f1408b764cd173c4,801486e590af3202e69113a4542ef133,3abf6dc158567370b9270287cfcf25bd,36.142917
cecc19ff12c206e6368dd1e9c22a848d,625f2a06b46e5cbf695ba96293f76721,8a6b8c7658bafc61e02ea8982ffa1d4e,36.065347
372b41e8faa2819e0b6346b16cdf402b,f804f51ce462b9e8544ac8db4b43362c,9a3492f3f18d2b5cf77e8ce369f84d80,36.058229
6abc999251612920bec93b3be616fa1d,b58a6cafa236091ed83bec2b0ff64ec7,9b05dfd13ccb8d6f602035dfafa632fc,35.999294
894382535eef1ce243ec19088626be0e,9f2c1798fe24e69bf3317bc7b319c96c,c618d3f25c239068c153e78f7d9edcf6,35.996829
ed873efbae1f165689d2e836f7a45a20,cfb41833e1a64faae527b974cde5861d,24a63c44fb9267e93a44476169d8aafd,35.909271
73601b1eec55943e90ce8d61253d5c09,2ca68e6f3682ab0ee4ae0c4f069772d7,6b022a73dc1fa183cdc18cb9c255d60c,35.840625
5f435bbe57e905e19378fa56b60e9d16,18233451c81fa4cf187fae71d8e8a299,cb5d26cc320462a7e5d9e14a9a6b0dfb,35.817002
8f42e9cb526d4a8ea42877dac8c86453,5be3afe5bff7f589f89e10c9d3951b3d,d078600a7d7a9465e58dfa3e377cb2be,35.528623
74b8021516f25eb91f5b4e704a2cd671,c3d8d92b4371e7710cdc67fcb1f49a34,70c5ccc21360b2f9c8f0a0decfb4e41d,35.248553
230a1e9f42924d41f37fd22a1d4a9707,4d808ed2901ed7dfebbb74bf1cbb74f6,572c4bbf0f5f85a9b4a2c4fe0c7f04d5,35.203125
6e08abf5cfb67eeea9e48463da288788,ff1f5f13541ce8f1a0755596df027a90,837bf2d48f18fc4d6e2e32cac9941960,35.156748
a2d2201f14b81eb836de9fef6d305311,c43de9faa95d5014569aa1ec9ac83554,c98c0d54162f552567aae1af36d539b4,35.102535
3f5534bf8c9378ee05b7dd684cb20e8a,2a1a1f086c448fa487f63805dcaf4974,838182c127d317f0eca3ea49a529146d,35.059873
67466b5877fad6f2279c1fb634c9aa5c,a0d3f54307b8ea12232f5036ed0346ce,196130ff8b98e8406f66bac8b2cd9fca,35.018252
595ee036d3a69e80934a9b3618834085,be9d88133ac0473fda4ebbdc48d5140c,97aa1a479681efe192bf39d259cd2b94,34.995405
911be3f21248d465d1e6d9993bca60a8,637143b11a1b8c86d9e349f19ee9a1f5,119132da8a360ce8e81841456844b962,34.965845
178a58ded2b9be43b90300e0e0e8e66c,104b40dd524ac48e7b814ed5eeebcea6,21a550eeac28a30d4b59a0fd91c9cc8d,34.874618
6f22857001b77949eb8110295fced3ff,c6f821236b635a442caa06bbe3c7e109,e328e23027b916218c9fba2f6cf9b682,34.777407
0cf46588cd3f5a23002166b5a1945820,0bba959fbb649221ae07d0c128ba1809,6b512d6dbced14a60725ffbc129d4e29,34.564468
c85df1c6ef6f7bb605e1c49d34f172ee,a512132380fbd3ae24feca8ee9512efa,a94b962669c74fd01d87a94aefd3eeff,34.528044
7c4b40bb2b820e20b226a5a615e357aa,829e9bcb88d163d9d6b6da8e8c396bbd,0dd88bb98efb144f8678e3144b5180ff,34.463657
bd748b6890efcaa0e79187653b2d6a91,e29f9529525910e5629fdf7a2e569dbf,79b33a695202057cda058f5ebbfaf3ea,34.201528
02e9827c15167f699df7bf90d326ffdb,ddcb87eddf4da29aafd1be7658fcef4f,cee43113ca0a71b50e899098ec4c5911,34.194641
f22da779a017ed42f2c4e03862584885,4b7d638196bd6a0a5a0915a8f893225a,b42e0c99c693f666761672bdf283eefa,34.148183
e38bf9a883752b0b65407a103fd7ef30,8b13155a6866a0c319ec1748f40f277f,64618afe1b90ef2416d9c80631a15e42,34.102708
e87c2e2e5985c5996ec20651a3d50fe7,cb02bcb7600b32e5083fec0791b923aa,d412e855fc7d9c1019d9fcec73c0f7c6,34.095752
0241fa2e9adf0576cb0f845377d05c03,e56f72c9203fe285a42e1c21888e44d1,ad1b9aae3e8a03190849a015fd26429a,34.022523
e64ab18890c89066fe47f8abbbf180de,f52849f04dabb7e33d5ac651293386e9,914b6a66a8869f4e544071994451822b,34.019757
39d28c99c5382bfc238c047203595443,9e7298f5bfed83404b628b69f965c94d,7ef1629063a04bbeadf9410dcf689ef2,34.017951
f3bf3bed9936aecd7792e6c49779dedc,0e82d5829ca1e9cd05b34dfcc62f1381,57b27ed317a9d0ed3ed31b5a50392b51,34.001030
8d50f5eadf50201ccdcedfb9e2ac8455,5d848f3d93a493c1c8955e018240e7ca,369634708db140c5d2c4e365882c443a,33.976910
e68365f0fec5a377bd6f49cb444e453c,430d109ed8e86fd6925c000c40c2570c,bdc9a22cefa4b3ad2d837d2e0efeeab0,33.944699
e0c99ffdcd8891130985ac90cd2d8eec,4cc0192e89c70ee61b2c1cd8ae665a5f,4ec8686587a9b92422ae24861683958f,33.921435
ead394416d4f85207932cc124eb145e2,2fc0b908e1bad9c0182c663a45cad564,3b95a15990c1bf022ab091bf7f9bcc28,33.891262
1b5720c7b0ee7183c2eafe3dba65111b,7fad77aba2a48a7099ce9f77f2ad7566,719a96d91d44ae214ba638b02db33331,33.779259
e0836a97eaae86ac4adc26fbb334a527,c765302c18a92bcea0bc5c976bae0174,67d3db1e6d9adab9c49e67e8a2e65b8f,33.734988
03dabd77cb0ed7a26fafe19e36b67742,fa9f5a4655d840e1de98632fa80c98f4,e67084522c92fecab73ff064333c4d62,33.662755
1e433d2aca7584032f8f56d51643e605,67396d4e8e815db60a202db276db16a5,e2a13826bfe262528a6755b2d38e9d5c,33.572153
984503860d8d8dea530666eec07de95c,a8855ad9dbd6bd7a3fddd86f1ac4011b,ea461a2421a4be04b0d69e11e12788ca,33.532836
e8663abca66edfe7b18d03a921637578,c14e0917a7e78c27cc4af1053e2d77f8,049c844d7707d97ba1600196919474f4,33.208785
8194a6cea93c5c653e7956f0b962b5f7,77753877bc8a33a740fcfdd1c93a6a83,08ab4cd4d921b31bd7719eec989aee97,33.085475
6d3d5771a12f5e7d00729f940bb28fd2,d63f6af53a35a1d7e6a58ec09548b9ed,e37f11cae9985ca58f0b56f268720537,33.047350
2f293b442348c20d12aa4537bd3d7234,3783e0b4f1ef0985e0d9aca4629f756b,f2a9a390ab5775c0fddbb8e49ae95614,33.028310
49cee01774f85ef576192e1038cf9cc6,96d4aa53586046965c471164413b37cd,151137bf7ab537c1a2da6bba1368d87d,32.994988
a54de86aa4370cc93031bb4e99d436b0,5f127aff90e6012e2200e03613eb47cd,7ca7bb0f6b6d3ff38dbb91aec21a0e62,32.982245
bdde9ce1c27b88a7fe3ef13ad6a80b5f,6289ee54f79f145b31d94596c21ff419,91ce7ca124af689166db5eeed6f67a58,32.980637
f31d2c22ddcad145e224e6dc48f349b9,04107d105302558ebef9aa631b9bd13a,226b974b91daac2276aab33c44e1a63d,32.948021
d5419994a02a55d4b7cd00e77fabdbae,f5f29bce586850f2fb4f268aba6ed81d,4baefe0b13c215e6417751ad5121469d,32.932488
26d1b63e9b8478f84f87188c4877049e,b3c04e10f26d07b42c0a956f11eb18ff,616f3163d12cbaf681d34413542802bd,32.816956
8597b390850fe72e108d53f42ca64846,440b5d8129165b7e04b3c37e3a5e93d7,7477cb986eef32aa23035fdd22ed27d8,32.611412
ff03923ad1eb9e32304deb7f9b2a45c9,1d87599144fe1573be8611bf9f5d5de9,df52ca7830380e7d8f7292e99434eea7,32.584410
97981245c3257ea9b14befffd560177b,054c0efb53bb68011a58b28d34cf04a3,f6cd41298d06413e39c491540baf2745,32.528796
52e05f52b2ccd1945aafaae6ceff7ba1,e562621b62675521d241e0a27a1ca900,b048658d074ad2c4863ea7021ddfe990,32.441343
3633902a0addd1ffc74cbc13d96da288,58d6b7ad12ad08c7c8031d623ea2219d,6741e21a24361b07f30063eec3897b37,32.302650
9a6a921e2fdd2e6ba9c4fbdf24381248,c0c339f8d69784a8cb6b51f9aa9f85d2,9788e1264a6ffeed8da515914c103b70,32.194699
99bf2e03eb1ef8f29fd57ad10fd75e48,1f4994f63a494cae176662935b4a8342,68490c57a7a7ef7602fec9765720fc48,32.117049
7c588c097689b0b77fd73d171332b0ba,cfac0d6ffa23400c25da017e69a17370,e80158981f299f984453ee1a55275764,32.035231
f565c1cbc438d2561d40d780f1da28c5,9eff67e8c9f0810c3ee0038f915a84de,e37ef4ac61b5803ac29b4056c8495108,32.010845
5b1ae94194ff6e974356063557746e47,9c0c12e4d0dc6b288f3e7755c791aa35,7034679df131fe7f52587694f54483f7,31.860220
8505734f21396405b5477c75a45734fe,c5ef8c0266eff0d27d9d8f279a2e85cc,d1145062aaf9a31027f9fdd20e8bf0c9,31.783762
cef44ce121b124fdc3438472b1ac4e9a,17313705481d054edde23cd5c42a0819,4e2160ff7a61b2bf4fbd2e527ea924d3,31.669722
59d8d1ea35c02a6a070ee29944b0ea86,e86c9bfc5e5cce878c7d0c2419927cd7,a8324c7ec6b72c7978896a221606c93e,31.662431
08f334e84bc7ab7b588cb7fc77dd7f4a,67be6410d453784501c125d4f0ecb741,f81e71dd7c044a9ee7c1d6e37d68d64f,31.593588
bd0512ab6c631a62fdc974a682600f56,18dd3f41a84cc95b6106008449cba262,d12e769a4e50f157d2c6cdf423dd73c4,31.525451
08d8ad84b0088cbeae77da4ff3817479,b7d7bac557fdaf041e274d8043d9c588,e82814bcbe40982225e142717ff99d69,31.375544
962c6b5225cdd53c41509bc38d3a8217,20368ff725d0f3b5adf1ab319ccecb62,94cb2dc75a318daa6b70375697c4d3ed,31.136620
bf6504419e536f7c4c2461ebb0689d48,1280636cace716854a705e26c5a91798,301c441176beabdc9ef015807d9290aa,31.118588
0058f300f57d7b93c477a131a59b36c3,2cfc79d9582e9135c0a9b61fa60e6b21,81a93b2fa39e104b865b2bc471c16008,31.040359
19f8fcd23ed70e29220a6a2f13ecd911,9a43b717c408493ff788aeb5d11d0684,b69321fb7d3000994c5a2b55c4f3cb01,30.989907
cd86f2b40a6183a8212f9053bb0aaf8a,3b81b7af81e2eeda1442ed880cd1d860,f64fc900013bfa7716897f6208c5c126,30.976227
d9e6c750121d4d84ba6f2cdc6cc80008,77ce4c372403e8665d37213cf52bda56,56a171efe3f76940cb52b0d0c2f42525,30.974907
47544c4d42f988172faedb4b05231671,415056cb7470ad427166fe14005a772a,0f6134bc3d92b2b091f7cab65b9f7ac2,30.824340
4c93744516667ad3b8f1fb645a3116a4,5741ea1f91b5fbab2bd2dc653a5b5099,98b737f8bd00d73d9f61f7344aadf717,30.770625
b619178eb4f697c3283943612910230a,8d29abe41d9157240194d0210b529771,716d6448e8cba0c1f833ff326041c66b,30.690602
6204c4e582a95b6a350adf6988623bfb,86bf07c0a6d01d38dd8ecd1a1b68d139,005d9a5423d47281ac463a968b3936fb,30.562535
5b07d855f3356e33b1434dfb5a035cd7,6a1b1c85cb88090b0bc406c8a6fd8965,709e7bb6791d4380ca6db3451e9e6a68,30.327998
c7c19110042036e6266adc998cbf1289,1b151132de254c39a49f595684c80b41,dd4ca62b4abb4a5fe11f24d45b63eb79,30.212002
055ec572ac7f3c7bdd04a183830ebe59,e23eaa3bc8275c392145e736dbdea275,88ce73cc24548143016810f81a9e53d4,30.060486
c3efecdc2ca34416d845120af0bfca09,4ab8d41a01fbd0a52d7de288e25463ac,f3d907ca2389186613781da85106e282,29.984722
65ee274b862c5c053367be8a70dbc029,17200822bf0cbc26df339538be1384d5,95cf9f239f724799131f7ca949209bd9,29.919954
f257deaa49d5e0a8c5fde46dfc350e52,b571f972f69a2f91ebd89ed09a6ebf42,28bfa0968ea8dceb17513700ddfc0745,29.884479
e5d71c2a04ee3a370295b3290a85b2fb,dde3bf0e00ce7839990af294a0897426,d3ba1a847406ac4e4a0c162d1ed5c0e4,29.412697
41348c09a551501117e31f8a4149950c,88831d307a23183f48f92b32b07ac070,ea967d0366237c813c6b152725ad11da,29.368414
2a3d4df1de5c9feee497328298916d41,37792549e9a1606a574bb4a8aa76136e,b7efe64319f69973a0924eb8e7a1ed3e,29.263472
4b979b432abe14a88cd0cde893952677,4e3cf72d676f793f15859c9ae34be2ad,4cf6a6de996beb9d4b190c7983be98d9,29.194653
d366cfc097d250c153a712cebfc7d94a,1b0b1c71db83d610e4cb483d0481a6eb,0d0b7c65e71700ed5fe8ae8d2baac37b,29.190278
e6da0e9bb3545f5468975a2cf67ce246,47864ed19d3fc241f11b3d0bc59257e3,3c168c149c30652ebe339c9e5ab96f71,29.147234
4f4943d1a8ac2c4a65d4fba25ee8c0bb,ca907d8c04d50f8377a1a77a216d334c,bf0dde6fa777fd2de6aad874b828a9a9,29.006238
240f980f7c03e873c538e86792646919,9bd594c78a30e73158b926233be0b6e5,23f99f3d6a5974cd50c00ebb3d6540a1,29.001701
e7a57c5b35cdb485d352afad87560042,323c0a5365ebdafdd12959475e60b057,3dbbfe7e312f28ebaf69dc5033b96438,28.984444
41b4af321ed477242aebe74652fd8219,e726c0e987fd6d15b61c7effe28bde27,af6e07a86cda553646ea0f7039453591,28.980197
013ef03e0f3f408dd9bf555e4edcdc0a,c94047ec162181b78322184f7a9aee43,00cee8a4dbb042385cbbd84699e78b2e,28.977581
ddeb6f3566dcf17cb455271ac103a73f,1bbd44a5496d9d2e6a0278e5bcf3c441,17b46a3118a454c177670b24a615932e,28.977234
4c3d123168c78dcca6cde5a7274430a5,09df42b3e78625578555d3d48cd57be5,698c205b3d4d82b6ddf90c51b96119f2,28.852118
d0f6a442ee95ea8674c2d8ba325f41c0,24dd6883219c3c70aa4d84d059d279a0,2f669a3575b067a0f0b88d47f53709c2,28.757037
d8e4bf349af9df104faeef494ad2c6de,d45ccf00bbb028620024ed708518f15a,ad62ce74c314772d34c956d73fb305f3,28.665162
4e1554d1a2dcb38dcf22770eb7390fe1,d351ad232c9e018edafa9f34f5d03e63,4608a27e9e60c05b054631def491e7af,28.648831
b8f77228f32fce5c13df55da21fad23b,dec187408e75f0e3a10eb475e45e6ab6,fe9a7e2176f05d248141c7d1493f19bb,28.401632
359bacb2b5c52b4287667a7bc6c7bc63,cd3f264de33e6d5f97fc058f8fec3958,123a6b2b8763ca40782c8252e63fdbca,28.330833
1ce879e096d3c38f230acdab7165332e,30f571a5f7cc70ba231ce76fbe1b17f4,ac1e2ddaa8a97a982f9e3bf625bca0b0,28.323380
e8fee231a8a4901e2b0b5a2324eb1405,32fdcc586467aa637465758e27c36f6c,8da3063f18b30c590bab1b8d083b03fd,28.210741
5c82413b70d65c90e4f9e465c303fc82,8a027244dea2edca1449d9150e74eb45,d8627b28da69b163792bfd62ce10b6f4,28.184375
475cab480951109dec3ad6f770167fa5,a916a97323dee3f33707e4a752c22c9e,e1b489d5811a2f0401eb7bfb88887cd1,28.050833
4df9aee56fa602c72756abb22ee60b17,f9c269acc160c9147022a141b439c35d,053180cf4b0cf3f7a300e2e42ff01da9,28.050359
7bf5c9596fc39d41078cb46a86b23831,7a9436be8022293777e4f2619c171b17,382e8f286f0c03a978e78372405fd3de,28.026609
b197f4af65829575f2f333bd0e9fd204,cede91ea9b2186e794ef279d9aadd8f5,4b5fdd555b6aced1f150146b9c7a9e1d,28.020012
c37449d8b51eefa148cd87b2c605a1c1,26c883d125f63d8f73de0fac7be06290,0985a44f5d8e8bf1d6a48717584cec06,28.008530
7c396fd4830fd04220f754e42b4e5bff,69923a4e07ce446644394df37a710286,e481f51cbdc54678b7cc49136f2d6af7,27.979109
cfa69922f9968e0e6271647abda09b09,8dae9d1421512248b0b7113ec0d7554a,305f4f2afe70d838e381fb7a3c973838,27.931354
b6aa5a87f6c08e2510324edca009810f,f18578a9083482b2be8c3b35075568c2,f057e285395efbc0c032cf9e4ccfd146,27.923773
317f563ca3576550955f39a346b15be5,074054ad3d2e5ee3fc6f098d06f321f9,9f5bd892aa4c461b116e5c163f16b40a,27.900162
a5afb1cd8d3b8126d2d39a7a29880c09,be352bbad6d37a556d8ed5fc593bf248,741653b1b2d0d37c62f1a1f90e93f02d,27.656100
bdbc3238ae12ff1aab4853dbcbc2241c,9827e4903ee46ce7cb6f926533a82abc,bb42c26f8c339af36b30f12c72c9783a,27.609641
c2f7ac13c2e0937f956659002e5d5783,9a2e91dda30c4f2497618f2d8c181437,f1450c491bd196d4089076234a1b5cae,27.550289
23dc3a062c6c097bcb3940a909e7730f,f63534bddbd95cda0a1f281a1994a1ef,54ac5ed66a8b2c74a3878d90d805f367,27.519259
f64ec6d8dd29940264cd0bbb5ecade8a,517b4b7e7f723df3693ae71473078d73,1a26633be71803d169cfddfaa40fed21,27.455475
5568fb2b583235812ed08eb9587d0465,a6a81ef0cba0e11e230b4d19a6e8c559,ec1ddc5ed60d1e3c7a4e0635c316aed3,27.416366
204fa49efb5913a76287284d6e096f69,b8376096f4d2956da3ab2e311c30c504,3b2869c5b6a037cf731d70ac76d0fea7,27.380683
b854c56e1163bced9c3ebf1e4a6576f3,33a3edb84b9df4cb49546859b990ac6d,257006b4652ed6214a889913fec6a5ca,27.277315
96f9204de777192f8feb7776d3cd09b4,f76d5b8ea5928ea9b289b5f485e4846a,c282af09e5db227f93b1f3175aba57e6,27.224005
e12f7f1e96f1f9f6361572028a1fad5a,684c3c1d1b032d52568994de2b76945c,e359056f7d7b5f57f57e4d8f61b5659d,27.120833
4c116f8ddec984371284ab7bc860001a,14325b030357956fe06c611e432d7e04,2535db807a19b29005b159580bb7f9e5,26.968148
15eb6c5aa4aa23cbdb42e119220d23ec,e54ac9a4438ed19f1367717699a2863e,7b80eb102c74259844e5a4fc17cc7c26,26.787650
982f532d3e8e8177c57361a39d1b1492,4ca443133a048c102af4f40afc4efe03,1a4cc55b483d875e3b8bbd64a1b31bba,26.702616
2ddc001b620bd90d0f4378cfde1db887,a8eed0db5f225dedde3f0edcdf9ee3ed,80742a986710e5cda30966b8d3f1ab96,26.535637
8a3bb3e78e9a0ffbf3e47f8fb749b4cb,2a1ceca1522e8bf484583ef111e921c4,129ea9ae4b85283decb23ea1756f505d,26.506030
397b44d5bb99eabf54ea9c2b41ebb905,f5e893bf1ab1969476ddb21ae35369df,8af5834451865606adcc31b165d6ae54,26.253542
cd04cd9aa9eb0b51b40a2b124f3a93f3,fef03ab88c27c81b7561d599d4018589,244eca4c9c8dd0dd793f6ea85d5ddc7b,26.021944
25bd804c580bc1ee0c93d073fae09a84,0210f3225937e9d7702e0c3fff098b98,11b33f091608b48c86184dcfd339dc9e,26.010660
7f78ef49a3ec6ff5ca63eb05bf82fefc,d1c8a4c31e8c7baecf7db50c988e5527,74e198a81e758ec637a42e8f2e856927,25.997361
355ae139c8a163fb77c065a2d1403ed9,33a031da3772bfeda93d918e5048a0a5,4e53579c0738eca6994241ff0b474dec,25.969062
da938ecdfde4d90f6c247bfa5233c66a,3584549de22afd14085bbe571f04b456,53892f0dd25da0289fbdb0053853bc34,25.938356
176c21456fab655afee57b3ea9799f47,117a6f28c5cf04526b4869a9291c9d61,0fb9645c128ac84788798f0129496ca7,25.920417
93541741ba99116c5cf5773312eff953,15623f35d6d5eaa2fcd185a613927e86,e1cfb9f3b52a559974c2148551dea108,25.897812
3edcab192482e9871c17b34cf98c3996,aee682982e18eb4714ce9f97b15af5e2,f7f0b79050e7ef0b1cf7ffceb0aa114a,25.829201
3511aa3ff5fb9645041bf1875415142d,23b6026f4aa837ed95e0941208f31434,071773cf1c4d6c91cce83af65b9f8fff,25.730440
7a380cb5434e6b6b5b37d45bb99dbe8a,23c0fb66f3afa483b302cc740b14f17b,4941da6e1a4eef723674c7148152c4f6,25.711111
6bb7c9ac69dc13b436f413acec41a1b6,177200d363504ea94b5064b05929e2e6,756fc608f67478946b31c752681f27be,25.661157
1a68c22c23a52a35f499dbd3c5a020a6,e709c7cfc846b9fc5df47d1ed1bdfd17,d891fcff7f5720b6a87ecd0a3dbf0c27,25.652581
3648f9e5f51f679ed24deff1f031a093,460b00ca293dcd679c0c580ec1982f64,032de52b21013e176ee997c8f210dd66,25.591736
a518c60e2e7f3a2820b4ef5cf5107189,927a6b1ef2d0f3d510b0aa14885919ff,e0c8e19935331054195ca859f10e056a,25.559641
0ceb502fc33a2ad327b08288c5310e2e,b7a8a6b5eb0a253e2d80e80bb3badbe2,0e48ca107de4291a6f7536b4f5cf512e,25.523160
525cda9909aa001ebed396f6e55eae01,8e39302e6b4d08eec0f5a5ac3274f338,0c1eabff9739bc1f4ac404d1a8a13db5,25.399525
ba0c0e497661b804dbb590a6c5660b77,4ef066c3099dcff818ee6123fe0f8195,0b8265df142be25383b96d66f4150f0b,25.353611
bbe8686a830c0caaf68452997d73d396,0f7aa32fdabc5a9e10d0e9da37110525,259e9a3ad6d4f56fd550257b47ed152b,25.334028
cf7d5df4ee5ebe39ed41f0c5c1584b1c,16f5ff14af497212a69fb3b390173e87,b61baa7b1523a2a7e4e1382f25e6f9de,25.323900
04be500031efe43d2defff8c41810543,c4076d196ccd6ef48beb27d4e1e584f2,1078cee780187c1672d97d4ebfb4cc2e,25.246308
a10fe3c477989c968aa284bd448b1d5b,60ddc3cf31819e316702f9ede42e26c7,72b13b37a3e90ebef702948d847e881f,25.239919
82c173abf4679049bd8628bfe89a9f2c,3df5f0a6d3258b30e0793cbd37b499f9,78af4d32fa98a1435686699030cbc1bf,25.194306
c1d43ef6f70aff50201a1b882176a346,375c717fbe948f24044e81178cc38b0e,1a823e61156542b99c1dfc17c8d43eb5,25.192060
298c3e1a698283a45f1c94df3942bb3b,b53182a21556b268f4379515546be86e,4415361bddc6491e81dff0a462283bb7,25.050197
e58043c5746b4d123edd5fe77ef48696,f94344586ac6663aabd08cbb1381e347,2ce4f2ad6400bcf53505cb29f228755a,24.997731
c5f6047fb345ffd234cf5b26268988be,00a9536682ecb394a3794c1608200803,ccafe6201982b2369baac3ad28c67188,24.950972
35c62cb24d4c38a9d121fed1a43b2237,719fa622ffdccd736b29beb1b22712d6,d18585adacf5dc420841dfb67243a224,24.830799
eaa604ab9f816252edb7a8d297f932e5,a81be81673bee4a384c6b5468a606478,b0226a31a2297b13e23df75400c28d81,24.365255
8e78f2e8305481c8b0f285670de4829b,8e013dae97f228e06604de7385cdb043,87ef789179736a942af20c37ae5f53a8,24.359699
af5454198a97379394cacf676e1e96cb,73a8ed1078e1d475d2b1fb7216a52e1a,cfdfd7862e532c4ec1ed1c6a1b56d320,24.337396
2c3ed77b92cba1f5622b5ccaa1792b8b,01443cd06ea8bce82c554a46f307459f,3abdde0fd88e73a0651b9f90b6e553f5,24.262662
8ec9e01dc8cbd31897a2f2116c5fbae4,2e7b2330e3d679e08be10dc1ad695e94,1dc8e25fc6d06a7d72086374e54600e5,24.242141
8322ac348d132588470c5e8cc56b2bb8,0ab49faaefb509c82d19a0d26239a4e3,42831051f86bdc3bea417f93d5fd981e,24.235150
5a819fa976c2a1e65fa35e5c890d4dcb,f15e15e34e647bdbf9b1d1a608d6518d,d0a376ad0575bef38f57ec1665a353ea,24.202743
6f36e0165218ac7ae521d8e44739e703,ad387b2b2e337348802ec4cd93bbadb0,12ba6eb5ae5bb52161567bf261f9339e,24.108669
d3f15df5924e63131bcdac6364b6a6fd,d3595dfd1c2d8bdbfd8d2f3bb98a5cc5,7c2c4fbf7cfe18df6ed7751cb3bbcfd8,24.026678
4757b4d81eaab4d270e585126410dc5c,33027744c5ca91afba6fe8b75bbfb6a1,1c76327f379b6c9a3ae42f2244e9a1e3,23.967477
d526c2df957cc6b177070216427c299d,0b3ca8c9e3b3199306adb467fcd0e982,04a2ba381317648726f46210a46ece95,23.818900
71f88e06eb78302859a034cd7d1877a1,8caa77ff40d44d6d22eb8b3079c3c324,0283a5f1680cc866884c09960d2462e3,23.692315
91544d22848a922381b73b5e21ad58ff,57a7b18332c1b9b26d96e35379af3a38,bb8edfe0742a6a0279b7dff848289568,23.624537
1506abf10c09a2872e24d79f33e4eb12,134bf8fea9ec1583380780902cf0dc7c,6315b62d5cf138a8702ecfac17bb38d9,23.510718
204efc7a771f1a33fd28465082171f5b,71affeaa67493ff0db555224e59b1bbb,66aef8b9776b9fbfb4ccebc6f3d984bb,23.489884
56c355e615aa216a8c404c4f3d22383c,96c0941a87f12624bbaa976c3cb81ca2,a4de5e12d0e969340cb9f32237c16772,23.297940
9cc73b2f1f13d58e4e11389fde3e2402,cd9aa6fcc68d8352f12d7ca709c294f5,55f7d464556078e4c8b4fdf028feedc4,23.247639
5e8f38a9a1c023f3db718edcf926a2db,a7a0c8ebf2557ea4b30103fbff81e64d,20316f53ea8065f870f90eb423b39b1a,23.244225
19506c32fa96c6fa4505b4e3ad453b7b,b7b4ac6cf1e3f2b55add5793768dc23b,27fd0c263b9d38e9cb2c2d07fc0c706e,23.206319
4d98a16aebfef3772cc4d547bcae8761,99e06bf542847322a117282cd1d42c9f,1baa165f6d1fc73d5be966f0b3ed1499,23.146331
31bfa97f1ea0663a50ebc5c811ebdf4d,392b29c08332cc1f57af36e3e094c276,2fc9faf8c6b3ffe951029b8bae263bb6,23.141181
76e5f3bca2b1f5c510c41563c2ea31a4,9e119efc7690fb6c238eca967793fd34,21a00b08cbeb5716bbb66105e3dbd850,23.100972
194f1bab01e4e36f4255603e9a427b89,31f8ec47a5ed8e8e24f730ccbb66baa4,9b897ee284874f0bfc0174e53c8ebcfb,23.057118
dd8253fe17486f2e2cbff105e36e4a55,89352af3c4b001fbe430efb20dc66b79,6ef7236f77012f10ce40fccc912d7f4f,23.029259
a0e0770d529c5da6dd71d5be8620aa3b,2fa7634ce48dabd9f75b76ab8c55a9b6,ebcefe69d0a823b45706b43bde0e0d77,23.001528
314259ece6a9207c6fc02d925fc996b9,8de1aae5083a3fd8914d84cfcf07dbbd,7955751dd5fe4fe14b9e9a89fa14e917,22.961771
fb4accbcbcd54672a8a8b195d9ff0ec8,9ed5fb43923ff520458d675521c4f9a7,4dda84ad43d105c6d3b73004b4f647ba,22.952905
b9544dcc09004b3b28e388ed130e50f1,b7a81940965effd79fef25a444debdbd,4fd47db0e1bb9f59384ff16f8d533f80,22.929433
5c96017028584678dd28c139566b87c0,48d94e7406a8d5cbf7505590d86ff0ea,ebc94658c583ab37ad4f8e9091c4bef2,22.869884
ff36be26206fffe1eb37afd54c70e18b,b02682757340133856bfb99145dd61cd,81b7c7bbc8ec003eeb67d87441a6a148,22.718009
7f3e8656011a9b8d6c12df5991ca69ff,be0c42b7b7e9edd961e7d70426720a0d,ef4f4e96809e911e8a0aa7f8c412aed2,22.333194
9b352d0736779ff0e21fcbd59a7141b3,dff2b9b8d7cfc595836945e1443789c3,84b3b056e8c005f680939ef08864292d,22.260301
94cac7a901fa7a145722dfd0a147b050,17c8db71a75ad66669e25fc85341e6a1,a5e8a66d24ac5735531a3eaad092730f,22.257049
21bde4e982c4681021edabb899bcebfe,084ac56b13107e32ab92934f70638bc9,694ac1d9660a7c3c610c379eb240360b,22.206829
4eda116add853323e439c104b7d0824c,6be4566ff84c15f3069e3751958576dd,2b72e9015af390303d5d89ae0fd64673,22.170984
55b488a273c6ec9ca293736e9a69d0b3,93f09cc1052604f96116493cbf93606b,9ffb318d17153de8c18c817b99338e0a,22.146377
9bc158770d28e135f48b0c3fb2c21d27,bb23ee96defc419b4137ae66d0c0e44e,a92da206ef6383c3faea2be21c673e5d,22.105891
4711348768db55c57a67aba080ead566,a2a1336bf769a76da801da42dd9f0ecc,58ab53aab8ecabe6b411fa69f97b8be9,22.096123
acea6bd29b8c1e3c6a8b266a8fb4475e,8f0dec20d92d7f1c553d41ed603d57cf,1baadc6ea58da9e96c906bca98b8b15f,22.051157
999bf1d2709dc80fcf55a92805ecc34f,1280f995f41bf95106134b4d116a5f01,86ddbf551a45045fda65a0b20745a6c4,22.043275
2ccc5d0620e07e3b54b83848c31a08fa,ba57c0b9e68de2a41c388368fcf0dbb7,1662797f04736ea5acb5de67d5672fcc,22.017060
c957b57bcaff0ed3a494d95c865de4a1,f002422b59aa21ebc2c12136d1ab4019,2b9fcc0b86e42aaa05818596c7d9299a,21.987431
a82d9e16794b2921f600796767322a9f,e1e2b559781f43694643d53e2ef681fe,0dd8c916a4beb8512a85d15c9ba4c82c,21.953507
596f46e4d4b172098ad46d4d7880bcc2,7de5a6bdd0de17b60a6ca664159c18ca,e555c759729439a5654103300684e242,21.905336
8efdcd51f527f5aec0875573fd2210b3,7de82f23620bd64b59c175c554191182,6b19e991d45af8acd0fc9c7c2208f7ff,21.843322
0994750c9c22a140010ed86aad2d044b,ce5cbf2f45858052b9bc0af3690399cc,e842dc26adcaa67fb96f4e32c2cf97cc,21.840683
e3301490c373db9263c15a73172d0c6f,3ce16e50c1842ad30631811796a31afc,a4e90af1c84c4455c7c4c65293ae2c78,21.822535
a7657330b1c135f3acd420326e335b2c,68c3f2fc647e6d809af24b6ccbe84388,2ea42a9244db919209a5b414c749a085,21.731840
8ec31beb5c890497f1872b5986d3cc26,38e56e4a15bae88b8f5115849c500e77,d80bc8900db383324d145cfb1c1aa854,21.636424
f3d176999f9c1273045f770712608944,9100fae7ed5a8787b6d4a9e50ffbf273,1cc3ae63caffff2d6c3ee3e78e074acf,21.618796
53b30ca78efb2b7efcd3f9e461587eb2,7b905861d7c825891d6347454ea7863f,a0ad7865ea22bbaa2f026e3aee583484,21.578981
0ac4a9460c1baf3051ffec5c9021a499,8c7aba5d415316a216626dfdc9e5aa42,147941b96e61a2e7c02be8bf27b4cca1,21.547894
82fb46292a999e7db9e2391c407f76e4,686e2fc048d3d4677583ebad2a721b6a,56ff9e115d7f55d4deeef28455d2d119,21.455775
2b0d2a4ffe3906cd18019c2463cfeee9,9b5852495fdc959c8d7d069b3c328502,6051e6d3da9a50b7325cbe9c81025062,21.439375
a900ff99a192cbaf6ae8e867a95117a3,959505aeccc35d003ab580410022f433,5a30bac46bd67c48565822b5789c0954,21.268657
0f26a77f8de836d7c44b4694e0fa3ea4,c5effd8bae9508c0e96b2e32b5dc66d8,d318b798f415b925411c4b1158c2ca9a,21.261586
3f1ae9854823f7c0a8027bd994b2ce64,9a71f055d972d1ebacec9df7376ff1e3,9165d656c399c6eac7a6a00dd6e02e7f,21.153947
fdb1f3e0dd15b657acc64314ce89688f,d8711cd641288f4e2e1a84dc3c6ade21,89754646c3e0baa367bbe02974056098,21.058079
1477c54a1abe3610e3e9ab411801cecb,de95c0af6d85e644eed2ee08c4766606,ead42f8f41e34c480a4a9185ab74b37e,21.057477
af0450a3075f107a38cd7daadc98f990,d43c3e1412d9022efffd1148ece29ef0,4edeb1718cb488182c2f97e0a7f33f36,21.049178
7bada66424f46ce9a766b94974849e09,ccc4274862635573537b10ab2e055926,d1ca62d0563ff1cdfe83f9bede16baa9,21.033461
5c8b41ba21631ca0432de4a10a56fcf1,1ce397b1df28355ed4f928b2b322db98,c65a9006ea98064829711ea412e5d9a1,21.012326
5a689ab0069d25bc6c2be47d4b3863d4,933824572e25f2482e2b59e73b1c9858,0ebd409ca379ce0ed8b24e8f5a59a8ea,20.962512
326489271c23dd3128b4480220e5232a,2ab2d565315e05cc62d7462113cc1ff0,b26e3810d22f6c580f65bba31809c43a,20.956898
6e10d6571ddd6b7b58d61e4d5e7dde95,db064b03849f2171a59f4a8cd50778f0,f318921851480832ec75983410d612d8,20.918287
6668e1ae499e2e9be475b7f708580232,e418ef83856cd1b69aa83b6992142361,af74613502131dd6a43380df619a57ab,20.910602
8b51f29aa215ec74a25baf5bd24ed90c,54a906c3e69c5c9196b82c2722bf40c4,3ae6c164f9e4222b57e95c67ce981118,20.904583
80636347f037db2d8e3cbe3b7a34c120,50ecc825e3d7123a626c7d466eacb616,2dc5825eb69b865a9c9b8fbfa69c340d,20.877118
a74c55db1520986fe4c117a54a0fc287,c6af5a745428fb392fc43a41ed63d841,f15016a558849089056c7b9fb908ebba,20.823634
941c336ba35bc4cbd3c5bda62cfaa767,194c72d466120c8e1241d610c72cc5e9,26cdf11da38117ed1bca961a210dd21d,20.819826
37cc3e75e39bb11d75a1982ac0d07c17,726714fe5c6124b8501feb36c5b89896,084051935208c688c8cd5fae3d15810d,20.680660
e2439c7b04c3500e7a4aa7a208e78f70,a7d16178d0bd9c68a2ad17d3f7b15238,b918857b7289075da14325e369374e4b,20.636887
fc24db02becd484accefaa5af59c18b1,eb8bb2327b51442c991b414ac3bc397f,630fef4cb38a0f9fce00a6b096243942,20.495752
44adda057b51a700d1e287783b02516e,2c3d5c98d6c8420829506e18388bf118,38303e0a3dce8b2bce37ca13b1c3f9ac,20.492963
8da4f8884cb807a1a95dce688436b0ba,d5ba8093739265fed17f69492c65670f,30f953550693db6ca376d49de5533bd1,20.199005
ab744045d2445f5bae53b57a4b99bfbf,08dae4aaedc034ee67385e739d42d0a8,0b95f3147f8a038de06187063d90008e,20.176678
21c8aa0cb27943cbf33d75985e28da67,2f7e28557591670c3bafadee171c72b0,8f491cf3fabf128822544c78d73acfc3,20.144005
70aa9ef908248a2ec9e03b77ce1ff357,df4a5680a53eb14aa69c035b1c759413,4b78a3c3971b83606a959d5c98208c66,20.106562
c28b1528e093df4b2a5d47f6f2b0d5fb,8661d034c37aca81ad2a118217c354bb,7ff091a081c936e22d36651bad1fc653,20.085174
b593353aa4c093b71235ece9689ce7e4,c6b9d214855dbd27b6a58f9738425f62,11d5dffdefb7041981ab58b5e56aa51c,20.005694
318b8659483e12e9cbe1e6550d97f9d9,c920c9b4a0fbe334f146d3b9822f3cce,09ba762d7b29d3771a788d7d039159fa,20.000833
f091cb60c97d35a42101a95cb825f821,47deff0f69fd02d0085bd77d6c9c0181,ad18be9bebe6d2b6b02b38f8da9e08d3,19.999502
10351fa9e690ca750568e3c19978d69e,8f81186474a3ea634c707a15814fa1ce,478f37d7f0b12816126177f6d325380b,19.988762
56238e115fd05d88a5e9ae565b8c2dbb,c3fea8c95a1b94af7d629c3c2952334b,4ca31d816ef051b337c5b2ecdbd58b77,19.984595
4f8e0cd35c770318d9e8874c2956345a,d6199904747af716384a5ddfde0e4b9f,50d338eab6621c8872eb362f57f47fad,19.974329
b3a6549b3cd47a7117094faafce8b10d,bcfacaaecd67dc247a67377e23b348ae,86661cdf65d5e08c3dc14b073c101d68,19.906887
cce3432f546c60893bd2ad7a2001148a,3b401cba521461d124e0487ea53bb009,ec88cd13421e27489ffc1f352247f3a4,19.885706
44ed2c2de63bfe22f6596547584d7372,553d21981eb5d6f2f19c3102cde1832d,3bf5639554dc908f97a75a89878ad197,19.866956
1d39a7704cfb79b7cd820bc83e3de161,d34f898378d4f1f59f6a5aa731ecc983,8cf69b251bfcd650555347d7752a3625,19.864306
3c555d15cca5369965d1759ad9530a66,cd44314b084629fc21d3a0dca3147f7d,f71d58fa033d5d4e4425df56015ad62d,19.863044
c6df3869c263531ebd51f0454a353605,99ed5bfea4c7e7191a2412698fc7abbb,b0220dd81253d8ca2c9dd8be8caf49b5,19.825833
b17ed96ffdf66518b4cf65e328298e7b,d93d9db59fc92ea85f60e36901b0d20b,cbc956fc2a27bbc8dc18bd3a27ce7127,19.798449
fd47af963b760f05fbc357474509905e,5c5bbd6db76559427661810d806bae25,f8b8a77937cd83cba18622b9e1e2681f,19.755810
7ed57df0e6ae22a4f9e0250d52608ad5,adbca6192a6df354651cfc657e0935db,97c8ca945a49dec599920c3fd2ed0a55,19.726933
048dbdf8f9bbd1be87b25868d1408311,cb44ede59056dd2add95fb810b393786,e95da0c5222e85d118b3d1d3c7dba675,19.705729
3c166bd80203dfb723ba32f64bedd87b,eed9644811f4d0e16bbcf03449d12698,ebb30219be9942791cb365838ca0dcc5,19.660081
28da99e178f274876e3052c1740c6c87,e24482f15e14b7c0adfe34b1c0542e43,d8548c48e1580222bda2c86c47ce10cd,19.594988
827b19392982299876c0aca1f92208c2,d6f8b3535ac92252b48bd5e4c47a6593,a23d281315a434afd0b7bf492ce6a579,19.553183
410a0462acba9ae869f84450fae8a4ea,560691faf05a5433e9617b9582948175,ee7aab7615cfc22e52462047d0e9f0db,19.423380
54982b0c374191195d5f433c7cccae90,de38b62136dcb5ff40d44d807c460a8a,e6c656a21310d32909eab8c157ccb639,19.186412
f7d319c00224031393f1ba82343db3d6,c9aca7a39b1655e0d52070203567e664,f1eb378be592a06b8c3c6006b7d7102e,19.133102
f804ed90360900357b6db9d7635d275d,73689c18cffbd61ae75e2983453b4689,c94aabd5205ddd8647579a7bdebd6992,19.063553
9bff67cbd491a775eb1e262b778da4e6,b8c123fb1b26f1adfb0d6f9d17255de7,03343a88c4d669e6378c5aedc4147919,19.026852
527c6fbbe85cdf78ff1645e0a71e266f,9835adc5025c5e457d80894eb4f3ed4a,66b3a1b5e10e14e7bef4025cde095caf,18.952535
6c2f6983a60ac0dc8a9ee65579959538,a3388b41c73884c10ac3d97882b683a0,e7fe197c60eec45afb91acb7de6d6260,18.943692
c968cdb924339d7a42e0c448153b72cc,c75886866a89a0c9a04fbcd4699f3772,2c68510f2fa96a537e4c75da3b3bada8,18.797106
71f5d6c0cf885d0b2b52836a4c469bc3,0a178d660889f4e9ef1087483fd6ce9d,6166489270fe109062267b9e022c0292,18.661447
738ffcf1017b584e9d2684b36e07469c,b84a1e6e6311e6c40724fee7551a915b,af29f3d2878958723720a759676814e7,18.561123
cf26c0ed98d29abab5c9fe2643f88d19,d72e8cc4d5efd1b5149f68dffc423772,9d9f7fce2886a9587f0a42a1366a1392,18.429826
ae899cddd0d9a9ae7f10099595241089,d871dddcb611a31e705345b5c37d7a72,c2baa2c68f42b3980566cf7f366fcd5b,18.424016
bc98051cee7c0111167e6f40a4ed76f6,cd55a3824ef5413fb6fedc755c75fe39,b9cb4e1c0f63ec744001f15b698ebc73,18.395764
391d6062da3dd65b4de4524f28c478de,4c8b9947280829d0a8b7e81cc249b875,27667a063cb59b5d987a5a71c192cce5,18.208414
89672d977dd21afa429505c66a1abc17,42682e26483a7308854ae17e8ff408dc,9f5539e7e62b26f49edf43566859bb44,18.118356
90e28a883386c71de943515d91f72a39,1844fd8d65bd9bd25e11e301dd99dc4a,c2969f4247f4ebbc5f6e569ccf7eeff7,17.969317
a56df37f1251ec47d5ad53dab3043f38,71a88ca55a16c100b22fa5dace71266a,b30f6677ba659390857271ffd12c0d29,17.961123
d7e0432688bbd72d3567568903f6117c,d1b41c9a4b92b7549be35392fcd782ab,d4d8638eaddca23adbfdd1b383a5f15b,17.934641
319aed7fd576c317a96b55a991befb3e,98b2c1f7a79d3a9b3c053ac187ca9ac3,17a9b6c2934cd7dbb1d08626843da4c4,17.932419
30d2d6693d77801c2bcdfafbba202462,51149ebc2ec1ecbf8a2503fd49753259,51cd5fcee08447be92f8eb9852235f45,17.892789
4377c22228de511d013c6a7560d58a2d,41db0ab7c0c615a697ca63860cd13a33,9e6fa90618070716da24cbf8fa5261fa,17.773669
1a2ede4e787ad199c46719ecb02d81ea,baff031eabb2b15f770c6ae2f62d76dc,bc14a141bbb47b18a33d0a1747cab119,17.670000
78fcceb499ec9008fcecbaad21efefc6,8afd15d26436c60441bf3ee71d2a91a8,0ff91985e1cbf76b8e97b408d735f7b6,17.626991
73a218a376e1c8e6a31799484fe514b8,ac48e79befd4d8cbfb58047dde3e43cf,ee3a699807c80432481120cf1deb06c7,17.552616
eaf8b1aa185199a62be13fe370e82ad1,d78332a90347977084cb14932f97ba95,a05515a2b77ea6b669bd02c1694ea20e,17.489873
50c7adf7c25188cf27f66e1cfe278fad,97aeae7e7b1d8a32cf3f26c3946eab1d,d2bc174d5c413f457a21db6899afb682,17.487176
2f679a526d3b619beccc26a3d1435de4,bbeeae69169758cd2d24b78df914a56a,88791555f9832d0bee1f87f2074392ef,17.356597
37f2527bb624e379f72a742154fdb762,df47cbd869bf95a968334c26476c76d7,513e088b2c0d0279b2df18d115a0d39d,17.252407
21421ba1bd92005a3b48e6a745e9b8bb,18cc6945eeb0fac797b1e48e96bb7ad7,c79d8859e60196e652856a5f2dd27da5,17.060938
3797de5ad80619a55a3c0a8a034f5ae6,21746a2a0ab90a9d0916af6e1026fd24,357699224271146ddda4a57375993805,16.984097
ab0f956f72812ae4636be4e15b58031e,4d91816c61cb9557eb207bcbf0929f44,d899038e9957d3d2f73bf50547f78d04,16.935706
7b51437497e9c9b82a08ddb62dfb7b88,77a3f6f5260c3255e7171093cc549851,6ee3c291219411d6da1a62f056058fec,16.932766
43f9d5ace80c6d3c5c09544bc2fa8484,0ffcc7c4e90436e138f698340e3d0e25,dff1532187e859496ef16857a44c3d9b,16.912685
cf56ccfd32ac8a510501a6fa69972c74,8237160b16b119b5390f8072691974f0,551ac5ff66bff1f852bc0b36eb22e162,16.897512
f0daba1cfcc18d5a3229e1a911313e3e,715645f32042763c55a177d5460e0c38,24014414a15d7274cad8a2917fe1f040,16.867211
0ffc908947e1f0c9f17647058b9a58c2,d2f5b152ffd674ba33f9e125cef56724,47c3ce4efeeff5eae692f5d31ef009e3,16.845880
294e0922aa06792eea5094656727c0bd,7b14b680a9c285d579e2a51495f30173,f488ec10381a645d100c8e7ad0c6eab4,16.843866
23339103d82a054f9729b0554ce22e8c,7be1e90857091733dbf1e7d916c84e01,6307a9d630a301cd0bcacd488fbd1182,16.792384
683cda1913456fb0cca302892b37a052,2f5124f516a7f5e4095ef4325d67c511,304137040eac6e7582eb945e3f347120,16.653993
24d27f115e367d9129a0e7a7a5d36866,641260b6b13348c1853886a738a7f9b0,10cb203e7598cb11350267c0600fc00d,16.527512
6469f99c1f9dfae7733b25662e7f1782,bcf2e0138ecf66a8688ab369b802d57a,4266cc59dbee85121deb59ebfcf36eae,16.509502
00172711b30d52eea8b313a7f2cced02,bb874c45df1a3c97842d52f31efee99a,c306eca42d32507b970739b5b6a5a33a,16.368264
9ccfff93c79f3dd996cce15f26480c5b,347d96fed35c336eb4656e8965e0d1b4,d209d8b7e741f8ce447b0173e579e3a4,16.354005
f95de29d9e810e69f55626ff1bbd4d60,8f0c341c40542ef2e5fee0d1ed7ba05b,49fdf5b0134c7c1445f6bbf018beaf1c,16.352257
32fb60e2ce6a1f62eeccbc2d33046072,6d95f56851f4a4c72764429b174d2757,2fbaa53206d7c894eb7fd3a28d5d5592,16.324931
87c907fa30dd1bd3709c84b912b50c7f,ca1be30219791e22648cca249a8681f2,adc2e339bbd0e2b9e09bfb524f284a4f,16.274664
d05c44a138277ad325d915c6b7ccbcdf,236e6ec6171c1870d4bcf4ccfad87f49,a89abace0dcc01eeb267a9660b5ac126,16.148102
58075e17e770fc08571c3e0f452f6a11,b97811f6db9883c21f70f10be990b22b,18a9ccf08fbcc3c0bf4ad9ceb583f2b6,16.124954
821e4e781313d2eb18711efe7a50d66a,ebdfc2a2bfba1c888ea6011aec355151,7ea1ada580d55b157f20ef1fb3a83ee6,16.108507
eb240714223915add224beff2d844e53,4ee4b8462b9a39ac1fa86e28bcc22ad3,2663ce3526465b7ee9809428adabdc45,16.066956
3bfda42ef722cb59c430e6be0b68628c,381d16906fcc904fe66028d7438ebc3c,69dc71661dcaa2145e4788d004eb250b,16.029919
570eb70ff97166b85ea96be3bfb65fef,19c36691fd116059bf49b7960f1db743,d280ffa94ba8d94d4fc416ee85612a52,15.982431
98883b9e1d9d9c46c298c69146db811a,0fdf3166230480d0c55e5d70a2da40c2,f407f10544f08b5406732fd467aa4bac,15.943576
853254c35b5ee150b4da2b3698d73f9e,4c6e24a5fceacbcf444cdb5141ec1688,2f72a08e8fc765e47fd2f4f2eb7a3704,15.938171
43c73f9043398f0dd2163fc5f825e61a,82d3f1b33d98fe40e57af92e75f36e01,c4b6e7386225d1998cf863991ed1e47f,15.826273
82cb8c783b1700af07ae77355cc81c70,7a490afdd127d5a584b98fd097425124,6a828279d73f18174dd3b9c653d5213d,15.788032
7ac70e85ee5c115fca1147ee0f59616e,834545a0dc30bbf519e4d9c697eca0a1,d8bfdbbe1b81198977776595047a0d98,15.777778
31aa2034dc4b34b06487e22a53b4a07a,e27da7442d05c49f4fa6388704a81663,f4b56fe7668e96ac977ad7bb6471bacb,15.749375
ec7f1811826ab04a27a92197bc40c888,41dc608dc9ebdb998dc9b63c57eca204,87fbaf80a5baf8a4b61821115117f999,15.683345
65a6ec5d6e6e86bc43a2cbf235be4675,2169826696e2426423c4078cc76b8500,553d40c3dee8e6294b1b393c1499c25c,15.680162
e23daf58ce481f3d38066e654ef610cb,b58c726e8f5ba3196c593b1837d25744,450c49623c365a4edcf0c5a2c93aa7c9,15.676019
fbdd85f919749a8e7a1290c6452024e3,09a069fe7d45eae2e1c4910e90e365ac,e05c05475cc96f65f8c34274398840d9,15.641759
1ca845c3b11ba93c4ac5182ab9c1197e,933a5028e093e2ea1bf739b2844d3b2c,2fd1f537efecf73f84bc7c24d966cff8,15.565174
b39dde6dd619943190a8cc9aa6db38a4,6179ca3aca88a0e2e379fbf3742a04ac,4d615e558a28fc608949a029ab18cc87,15.529838
3d71bc3ae0c9f857ffe17636e0d59aab,13c4458bd01775ea4f9050a041c1fd96,fb7a31602527aff8e971f4cf8e5ba0b2,15.375833
f7f7c86a6751896d012ebbe10e3fc6f3,a81fe0bc00939872ea30dc8337874760,a19276c07c1ec9208f52e764a44acaa7,15.362604
c036799f1b7d9832bfa372f83278182a,0a383b731ceafec6fe7047720b1ea52e,a9cc8ce28b99a1cc075cb04ab19010c7,15.244815
5d2dfd15300a557c1ddfad56a8460226,c350b8020e56f5b4d3438f5daaddef70,6dca4fd46289b9234c1a6df64d1468fd,15.167153
906a8a4ec9f3d4c3e64fa6d1c4fe6009,69840aae60642aee7093192b37961c08,141b860df8159c748ea4d24301992689,15.130370
28aea3e12549a3611bbd8d4e3310e4fa,154029fef0e3e2f72ef09775cc9d1af1,b5354d8d292a97bc23838762d5c4bcc6,15.066875
df2a9226267aa1598b499b3ea09fcf60,28fba8f2991648a76b354b784394b466,61c77cbdc7ac0a0ded411b067c32baf8,15.037037
1500da334da019c68fda219f942ba38a,0f2bbeda958833e5a67ceb4368f282fe,e409123d7599a3a34c467521576b05fb,14.993322
ec6a85d8bf9c7a514c411a1287643d1d,89d881134bb068f04011771181b2cb86,a7507007d328f9469ed7384cbfc8f7a9,14.901400
c4cf9b10d2668bfabb498d93004ab4a0,5cc7fd28e4d0a13f20f305037d7234fb,d155a1a261652fa30114d2b6c6373e21,14.898588
79fa3eb416c3933311c949121225649f,47f1e49b0c53bfde09b97ee3c685fb2e,8e47346bc3dea2d181257a36606bd522,14.884306
dd9b235dbe7d48c82caca4da097a2240,a648c61eff7741ba3ba3205ce0cc7630,04b7738ad5fbb213eeb7a2145bea8242,14.863600
b222983612ccf9940049ebca9c555130,90266667267c61999c7efdecc81f99f2,2b558556ef2c5813bc84e3739392e44c,14.749201
a53c5bbb7be8b7a0f586d31c2bc499ef,73925631ba33c322f310fa0a01283e76,ae00cdde0e6aeef54ffc9a826d1af282,14.653866
c4fe9fc8b5e1b4f9992db983d0429854,a0f5fea75f554a37cc21f2db68319ce0,5df44528d70dc33f65da33161231b8dc,14.638241
0c4c416f1f9844e6805b074f8f96f52c,aebbdfa5636b87a2886bf445dfceeaf0,0b691ae66d643c4c266fd72bd6ce77ce,14.540949
f8308de7370e6293120c537a031f4cff,edaddb20d1600fbf9e1cd5d30a7e9198,76d3da933ea02dff5b27a64415350c37,14.520023
3442a61b2d5bfd9d605d6943701ad650,d0e379ef6e0ea864c470893dbd5da4dd,af1ffd059ac0a5f3996b4fe6c2863116,14.496852
a865a3f8b39809ab1ba53cd0e8122999,3818dcc3b7bd25996c0f1684437f019b,12fb5d0cb33d4e9aa4d07b4400346153,14.476470
6a9e15d6fa8ce1cabf193c21aa577f64,b10944098c8ae5130e647d08da104c38,358062b4847c9e2ce76ba4895d0f6625,14.422350
487b72af97cd4e1dcdfae25627f3ea8a,37e87d7b071633ba92f5ef06491b781a,c1316e479de7898b749066f40449a05f,14.375810
ef0103e9602d12594d19c2b666219bc1,65fdcb432cb9cfa970e3a3817b39040d,1ad22e16129698e1a3cc11e4350d2cb7,14.283079
e77723abebdc6d6b95814047f75c2aab,5648c933d209018572eb67390f618682,1f9dc0f030a8df0f8a9d47545d7515a3,14.225382
27517ed34c0406fe07b3a806e33cbc10,a1015a6d1a3f742c8de8c7a3d0356f86,318160e821f4c754080f46f95afc1ded,14.222546
6940e424e41600ef36c79b6d8b4a2ecd,eaf073079dbf6ebac22213d250816e2b,23e328eaf02d129b3928e8012ffe85fc,14.133484
b698379306c3fad0ab64d82a63a770a2,b209d9ebeffc9e2d9792355b594c5b25,64a62eaae697d2b5002204677fb331cf,14.096100
83476105a4e9a12fcddd09081dc6cefe,503b1d55537c749ca776d67d0d765cf9,b829a9df2bfb08f7e2a0e9854656fdfd,14.043275
e89bf89e2621b5aeb4c181e69a8c6952,f7c13c71907b58b590da46643fda3bbc,75156818c2863d3be5ab7b08e728e43d,14.023299
a029899dd8534557a81c369475ff80c8,419158f0fcd3a19edca60d45d531849e,c1ff65479834ffeb424c5a78cd65ce4c,14.011956
f3738f6f5687da7c7ae0623172be00bf,6b65667bbce24262a05f9272420c2dce,0719c4577b69cf807be736608c144bc8,13.998993
37669671d35808111ab0d229e546221f,d37e660e61680fadd235a5ca5b6721bb,8e80c9ae33f2cff714311666eb2e71b1,13.992569
7ec0077665fe9020e7dfdb05b2be0162,f6eb6190398bfb32871584bd111dec04,acd33d438aaea068c69712df3033e09b,13.987153
1197ba886110324a1519fff17dd8d1d2,4e2451cb6e8ca4428c8f7e305bbfbbea,88b59e460a4c71c9cb07132bc7546161,13.983044
77c213e10acbd145d50fcb035d0e86d9,91be088e7093d68e9e8202a7e5d85269,ac65ff1f59ff445000702d333af9e1d1,13.982176
e9d6ce102dcb8ab8a3387021b5040f70,a144aa25d9d14f25ee9f3ec4118e5517,85a22eb264ad44ff56c4955a66876fed,13.940532
191525912e1a31a97bf8b481ce852f75,d86359a45e3f6c6d8b35f7b13e41abf5,7a0698ce87fc4cd3e171e7361f0bc0b5,13.928831
dcae10a371a35e87b7e88b8724a7bbea,12deecd130a055a8d709a6b62c807f66,bfead39f96afa0a674110835b6677095,13.914965
c51a1f42780144ae12d0e529abc3f83f,088a21dbb29d74a07738fb93a96b507a,29d0a6fb5e4342bc5bd0cd7ac3bb98f3,13.860278
0981a271500799427cdf345e9121e20b,a8cf68ff08fc00910fdb589e444e23b4,f49196a3b79948c69b3cf03a6ce9646c,13.838854
c731a46dd44dfe456ccfa8968206943d,25ff38b3eac37d28ac1fd35e41393218,7019575db90695209de9c7d983557bac,13.838854
46450c74a0d8c5ca9395da1daac6c120,53c71d3953507c6239ff73917ed358c9,03310aa823a66056268a3bab36e827fb,13.828449
b918da4934c7eabcda6e45b4e18aba53,1bab77281b20f4719d0a9f87f2282fde,9562b424b05978a493db2a5122ecab1f,13.797928
f596242db91986b554f25768577cd5be,a94b9255b3c3ebd206b09a5625e39ea2,2f78724a34b125e8d8a5f731116bc5ad,13.721991
7ad04c71bfca958e6f2ec44bce34e2da,a5ce51395d295fe2c816182f79c81866,7514404922bc617c41f9b47f003a3350,13.701586
c05e676aa7a9139b522ba75149226825,954aa85181d13fc9199de72bf883168c,9903cc5e1e454aaf33a898f173808285,13.612373
7e222c2054b16d50c5c2e746d14dc313,6567e0ba7d75594aacbf2ae3bc9a52b4,9380c59012c11f49c549ef8dffef1367,13.586991
a2c15de05ef380b5a7eaf915898926db,7ecc158162cf00a802fedcb0577573cf,8acd3c67960fe58a4eeed4d38cb3d578,13.583947
4ad4d9be004941fb8e0ffd31ddbf1f3c,cc2a815c27056f7c5770b6a14d422863,fe05c6dcaf512456a03860df06cc034c,13.488194
b0f47d39f0e55621071ec1e93ca6b74d,066e583c1ef730d7f1685807bc618cf7,c300acfe1a7f3217eda136d29dad508a,13.404873
6ba987d564bad1f9da8e14b9d3b71c8f,68f238efe64d771f8529c4689219e854,c8c528189310eaa44a745b8d9d26908b,13.320208
e53821a413d5b137cd9005b41f09dfe0,4552d969c2ffe2ac446b7a970e6953fc,e6b62f5711fd308616f3db4e2061673c,13.232477
ec1a46ef8409aca3b3f94b01e02d6582,dcd8ae10d3d29ae2ef27cbe41848380b,5b9ec93a929c3ac36c58426030b286c7,13.205081
1772d62f5099be6942fbb3d3e881cc7c,759fc48b9360c6710317b337b9e8a974,a8e71f90cc64f1bb855f48a020bb463a,13.129988
3e47025034c5a31cff56168ac0519f1f,57034b4287754660ae720f3c440eb9f5,ec300e68099785d2f09e65a62be091f1,13.027789
56e80e4b4a777631c5399e3fd0d6ee85,6a32c701681d4c31dac221f9a2848c80,185b9908e599d49428dc7b8238c8076a,12.972581
3eb7932f075743f0e50b0d9966707e6f,858f8fbff9d717450f931fc6e9d15029,1aba68837cfafa9cc4bba58efee87d4a,12.944340
c2551ea089b7ebbc67a2ea8757152514,d17dc4a904426827ca80f2ccb3a6be56,b2ae55d11609779855c398bc2bd74fd4,12.824456
9b8180cd4fe75a8acd576d0408ff8bf4,a4e16b2bbdbf7c2243d008dc4b9e46bf,d7b1b205f635a07e904e5c4069b6859d,12.804977
e61f0f032bc92cadf0ec55f9c1c8b5ec,9b8ac5a3f09f1af11380aa4451dc2ac4,5290c34bd38a8a095b885f13958db1e1,12.781076
8d187f36fa18c60c2ac49e7a966d8ff7,cadf75f0c2e29639d54ff0430d98e9f7,1b9411e11370aedecc0bb2daa7f41501,12.759340
8dbbf39064a6aa2a21f97ff0422e5acd,8738785542fcbf848621d353326ec75d,2db65679ff1d05444ec29ab329f8ae82,12.744097
f7b981e8a280e455ac3cbe0d5d171bd1,bd50a7fe9fd97ea4b7663031a319e150,ec7a019261fce44180373d45b442d78f,12.527303
0e730550dfc5d7f1cea73484bb2e0249,616349dfee9e27679881b25bfc3af335,1607aa1dabb96d104838f96ccb72f225,12.330486
786165c8823a3fd635edab35df391d27,a8364ce562b11418d525dc825099c431,ce2cc2623c66816137c1887f232ace69,12.323669
9a736b248f67d166d2fbb006bcb877c3,67d83bd36ec2c7fb557742fb58837659,895ab968e7bb0d5659d16cd74cd1650c,12.316493
9448bf54ca4a047cb99b0dee1a9bfa25,0d931f4590e355bc7aedc79ca822cd82,de5c6352db0b15363de90c22e79d322c,12.277141
f08d5e0d77469bca395ed24633b8f8d5,9e6cda6c54e003fdcaea831eed747e88,ce8cdf8291104b56565b8e6c6fb62901,12.264132
51378a8908cdc12c6545fdf842383c97,ad63b1036f777673118b46ace8ac9a27,0c2989120592c0873f156da4204fbfb6,12.237049
55f21db4f9a353dcee5b774f750c65a1,086da3118e7ada3cfb7cce476954af52,e42b4cff5d459fc447019421a3cc5706,12.117801
4f88e6285f805c9a823ba23291a65ca3,300a0fb67e14c56475f361381f629060,5a72aaf4a78a5e2b0ba132b0e9c21fb1,12.107905
5d923ccb7548741c453df5a825da2515,834bdbbdc1729b2ae17520e7a32397fb,78319eed3d0e14a32693dcb23db4c0d6,12.094329
208fe9aa6033a77419f8f503b7698e03,fa9149f35155659eb319081d8e6f74af,acee82e21828ddd887e48ad3afc6704e,12.017986
a97d43b24d76819903192611aca17914,1da00355018ed3e0fdd548cf3ddada99,5210991b886c9005de084d0d4fcff0c4,12.008067
e76f5c3699e402d57852989386ab1cc4,7d2276ea7a66f8f021896610318e047e,fd9ee5b912fcbd8a218a3c7cf6fb4f0d,12.003588
7441ce776af8da3b9df3d3f3c1e13ab1,65ef477f43ef52f4234fc5fff8df97e4,9899f511f5fad599e46683421fd9e6d3,11.985868
a7f8b23aaf522616c6c7daa2a3753247,788688f686c6ef04e7eb60e4ba103ffd,108d1dab6908b5fcb9c922549a9c2265,11.974363
0b18593e033697810a62a987e77f4b8c,447e81187647a12bf1a254923877d0ed,18448ffe871a865ac41ace28ce8e5079,11.896574
f1bee02ceae8a430506b798786f766b4,50ab8a54c2060cccdabcf4ad996be719,f99981d9ac419b6da3ddfe6084646198,11.818843
325e19085f3017b73be3d9fd98a93301,90bf0d006edb962cf09943bf3e4ad217,adbbe31eab3ec8799e71b8fd89956464,11.780764
35e9d2caa31b87cc3d1ad10d72271140,f66bba404e7e0fbb79876e72ebee3d76,e94197623546186601aa880a31269468,11.767106
b03155da610163a1626f1b99d4787774,7c32a0c8814b54f798f9359f20699633,45eea7503e8d5e369d52ecc3cd27a3fa,11.744873
dcd27efb93b723b301f8bac00e5d7e01,0f2f7e210f5079ed1f797cb4aed6dfbc,0877034e4780ed6345f93f2c0e0d48ec,11.729688
4d28234ccc945685ca892f6184032215,4953cbca0dc4ee03b38a9b279af7bff8,92fdf7b27f6a92bffb0984eba9ad6b78,11.649190
4e15fee963523774998876e3624952f4,c161187ab4f2133d752f8a028b51f74e,ffee31fb4b5e35c9123608015637c495,11.591979
3a4acf4c4c97cc25075d29f8d29f405b,f2b250d8c9c73b5b3e16e64e8448c3d2,be1f74dd8c9f6ab6066aa38f00c87d99,11.453194
712c4abfd9b054e7872aad2021a4aee3,d250f8e317f2d2e56ae505561a800dce,46725d773b27a905cf629f60fa30762e,11.383762
251e658613a224723f8a077946183b20,192e9f15d78654ec141918deca721334,75d4b0b71e66d09b6070bd54c61e20fd,11.312373
93dabd0fb48bfbc6e14aca0432ed0717,d78bf5f7b32db25ce7cd2f808c72512e,861c9fbad462917e9c57742085a3e2dc,11.258102
6bf558c1aae5004b6a410c3294c5e119,1fcbc88015c88c1a14d4b8ec35ea8ed7,9b284ead0b827957b9e9ee5f48128bd5,11.204711
593cb774409e5239a1946d1c88e0813d,772b70d3a8f138f49a2d39a138dd7e76,b29cb9e8d3d9563d11aba58b276705d1,11.200417
801b53359d2880a9bff63574103fb74c,8f69c5872bca5b495397ff0a5d681219,d976668f821dc630fb317d30d3fbc35d,11.169074
941254873ba3ece63e297277436e4c36,1bba442e5f19a30cd1ee9b84af924df5,6afa03fba2ab6ae8174e9c9477c85506,11.137280
ce8b665ad7a00dfee2a4fbd19dedb82a,a2860430c7bee71b1b90ffc78a95df6d,c679466a1ba6a8bdedcb2396f9e1dcbd,11.093657
0e381ce773b382849206115413009851,48c37ee80e51a60b382e320467cc9d37,21af06c81b813d390e6f5df558fdbc3c,11.059954
d75acd4c5b7b4dfd32b9d9172b195419,06d5cbe68295558fd6c48998db3ea397,6c21f6a1d56c99f439fe378d0ac026f2,11.055544
2cff422ea56f68a1e1bdce4371b88d66,446de4fae55c385fb4c5481c783bed29,9b41711934b43494976d4412d62deb1a,11.031528
2587f2fbf466ff9e409952f2feba0005,ae68c99e963e1694453bacc5db91513d,54623479e83b4d90c3a3087c34a95187,11.022454
c40b4a21d854ab194280dadc8998061f,75107c0791f328a77ef65ab69646594e,0ace5fbf6db2942061542a808558b9f7,10.977778
1b9d0a0c0fd5211ae01a554419120554,85d069ad55d052e43bfa0dfee9b079eb,32805b94a882eabc129b1d2fd5bd2dfa,10.961493
94522b20d09262256d0ef263adf3ff78,5d103f49c32225c353410679f8e90880,c879d78c7ee446806b14557fbaff1b16,10.930417
5e24610c5a55f0b6ffdaf9e846d02362,0b29af0ace8656af84d2a20b635e697b,98acbe0ec0c00e9baa6eb51e7c9f85cf,10.901898
1fe11e8f0fa5bea7416ec09d6e8d2b4d,188e8c3184383f5eee9e40255048191b,ef71061bdf8dc442c060d4f0d8266a2d,10.899537
47a71b49f98984efd3c62cb213f977e8,f32d6929db9c0600d0b70c698f45ed71,fb502b9421eb6ab817d72fc973b7b708,10.898461
1b6c7548a2a1f9037c1fd3ddfed95f33,abbd44be67f3cad08ffac14daf36af60,54f334d6a9d60b69dae5409327f73645,10.844769
6e1550b8966f327f29bc06b18972dbec,f7e0a0ee22f80001cc0e9e7f0b906890,8b88af6ab4bcba779184de098d66c9e7,10.836782
f43a741f2b86fc593b013959d7b34083,56b5b289cf267ee095bfd1f77406e924,22a4e269c7e62e9aab7536d9f1180d09,10.748623
df946ef265626b1e0a425292815ddead,962d15facd986392ded1944582624593,3366858be589fddbcf6a199aab0058d4,10.624433
00a39521eb40f7012db50455bf083460,7d32c87acba91ed87ebd98310fe1c54d,cea3e6c11eb60acb9d8d4d51694832f8,10.582361
56d6d1ae03e95325991e4c77bf3cbe53,4e3c64d86c6701af13d8d0e899dd6b1c,1dfe6b39bfca58691553de7585122450,10.504352
d6da88f652fc0f69dea0db20393a752d,5bd39e6a06371941eb585cbe79b41efc,c021ea4a80ce0d1bce358a2f831c34db,10.371759
d2ecc28fac1b377eefe7b209a895626a,3cd4d6461c966c84e6547503dc04df2a,993700cc0c9685feb14c9aa73eafe294,10.267500
e3cf594a99e810f58af53ed4820f25e5,81e4c4d7594a8111a17da1f1b399ba07,fa906f338cee30a984d0945b3832e431,10.121076
69f7e342c28eb22ef6845facd926e810,899499ccb61cd1525c8b04047ac70e0d,c12dc1b88c47c377eecc9384a4b1c7bb,10.117060
0802a1a217680f13264a70ddb7220823,9d7737b250ca12ae1e89ef38f2e5d213,f7096fe5a9e5f6419f1db02fbb378513,10.099653
63cfc61cee11cbe306bff5857d00bfe4,287e90d08a100fd2ecbfd8a82dddad5b,d37c9e8893d10d17fbf866c85f0dde90,10.069502
75a398e43d9757a4f7d6f622aeb22c47,adcb2eeef370c9bf98f5d1e975397950,56744b8c0cf4b18e09df60005c231054,10.060359
dbc19912d7a5ce777b71178146f803f8,dc0c88e3bec8210714d2176ddb06f276,c15a3ce7617aeffb3bfed1f6340d66e7,10.044884
9c08d6f85c7fcec4b08ead25590c0af7,be2daa888694c8fa4bc8aaec2c95ddd0,236923fe36df7c931b0fb65f493e39e4,10.044167
1d95a47c2206919e1de2f8ff91065d20,581805128c859d26d9ddea54faa05207,749b689efad761f8c94941fa3adfb702,10.039074
27eecff5a6338f7c36c78ad05eacc575,44150e408d0bd0a5341db3e4f11a98d8,8a27647dc5f71b1eda4620983e89334c,9.969317
54eb010282ed1c4a38e101aa8b9aca37,e760839bf2e95526c08cd98abaa16804,788d6da30a84d084503d9e25fa8cee57,9.959132
8959d4251989df68934d67c1d32c5718,259db3e83679426c2af73687a8c579d4,3d4bfa3de7e617f61d1ee3c87e95b204,9.907199
d43c6aa82fc6dc2c43d6813a4822081f,a0edce35ec325b10332d7806528e0dcc,8a5cd94263594dcb4815688e9f4b3618,9.906447
301a6d74a3eb7cd8e3508a045b8fa2e1,19980416131f571e346fcfc260fe97fa,0ef7521d9d7e51a822826d40be82fe1d,9.832396
2fd07dc5dbae616986e00fb72e7a779b,5cbd9f724bf2bb1228325202f5876737,d4113b34b5912aa49875798a65d88613,9.815856
e271fa40aa8fea4e0f304b3768b65d6a,9db5ceb6f107ae0944c19188c8869a03,4a62fb19d5fa08fb514619dfcc617b3d,9.810127
a6e56ce065f297714559452de03a2ca6,1765804f6753bf6a25ba8c9fd45977f9,615a83726a65bcb641fcffb5a4b792ef,9.774699
a00a13ac36037d575bb016caf8f50d53,65b89d1e2082d73e4d6a75335726a26f,f93d4438f5a4fcb8c83d71dc594437f9,9.737361
ef7ccf8e6acbf1ac71af305967e708c3,97d03d6144f96be066dcfb67ba92f4c5,5446ddcc7951680ce606991e1d953e6d,9.721354
ff22e30958c13ffe219db7d711e8f564,6ca46f2b9a1592929647682510800e0e,54282e97f61c23b78330c15b154c867d,9.669884
b1153ed93605e954b8710b36c8c5f5e8,87cb6bc6178f0a340e40123b7b042243,8e6e7d37d25c7e66e66f8be5a34da04d,9.512025
1a24445f0e6006e4336ecba4ba576e4b,aa16a9dc58c4e7ae9a0e55ddb47fff80,c7436c65f20daf8cd6e18c35a97867c7,9.487338
2d7c6bd64b139f0f40968dd19c629532,c6701e6d9b17bfd2a252ecb5aa4c7949,dd7e0efbe1cde6192eff0ea57a7b2888,9.474954
31e0eb64c5eb715aab04433200ea4ed5,ed8ac79c99c0289b3ed850eb54ddd2bf,6bdf9b89e5c81ead45dbc0a260dfbf13,9.474745
3279712e1ea8d52462488b4fb9dd7014,43900dda470fa7bbf2a0bcae68491435,8f003b284055ebd824f3f4b259a49045,9.407025
a7bbfaf8a288c45dc38d4693535dd63f,7090c88db4158f89d839c794cdd73272,ea8dfcfa112dd9df068022a643e58a22,9.377002
4c5200f7d135c94fcd304cdd0af9837a,a6b52290e2cab59e8e7c8382eef9e523,adaca9317c371ba7096be58316138384,9.278646
1a27a558aac4c4bfe3642b8c9bffcf4f,6ae112d3d80d830e6e97b777b24b4c56,4d8660f18113eab64ba09d4eb4aa9ddf,9.259387
6f5c52ea47e32b73958b0ac0f3c34e88,b1321fb5bfd83cdb2ee746991c919284,36fb716af0b33abaac585787ccd0c0af,9.231366
d393419796111dfaf317ca354f6c30e6,7b9a4ccb84bc90aa35e862facecfda80,9280325355a6fe53fe67ef8c3418b638,9.206343
fe81bb32c243a86b2f86fbf053fe6140,f3e4f61152aed686fbbb83e794cc246d,4b3c7f8318b056586e0407857f44a136,9.202118
1b765716e166ca699d20c4adc8bb0f7c,d85dd7b0f1c5839ad5b3cde77f196e53,160d74cf0db2353522f973654509d5a7,9.072269
dcc9c0fd8dbf091ca2965710ef45c16c,80ea2d5cf20fdda59217af697130bcf7,c4589f9bf514a6f65302fdb08ae87b6b,9.062350
bd0f8d6b6bc185debdf79f91ba30fdc6,8a6d1317935fc8ba385da595dd3bf2be,96e46ea85cec2195f5ba671b9b319c81,9.027951
ad7fda75731aed4991eb80d939db8115,4d14cee530bddf889464f788f5cde498,f3f19665e7205700de2a40ff56bf2d28,8.968889
88388502f20df20b31ccd1a4aca9e898,119875f10276db041c92209d8e71826c,e5d223ea6296e491df65d5786ad215d2,8.962963
f46971f1ac7b376b668114a027c98e78,71e2f7733505074179563ccd72d93d15,5ee7b62e53d3ff1201ab0f826ce413db,8.960058
3bcd0ddf751cb9542efe9f6299fad626,984d4e0bbcbf4680816e91b76477a8d1,3a335d9250509602da8eebcf766e1ddb,8.948032
d4a5e9f19897de65433c9d97bf4b9f8e,a08f93229ff75ba67fbdc36e6ad7c5c7,48445cae859ffeb0add84d872ed74192,8.925625
9f37b1215df84eae065524290b66cba6,b888a76fea30e300ec8c6c53d8033583,414643c3ed26cd6d93ac777a102a3ac0,8.922419
3b93b770a314d48d7f698a09cab03370,7f2401dd864cb66d12840ebff7581231,a6bb9d1aab3f3b84ce39c8164836fc87,8.921852
8e49d21f0335c3013583f2b3f99f8e25,b53a5ae7a42c37159e3cc26b92174246,673005b4d67fb096100f48d7a6cb008f,8.900648
30a81e307f19e822e7199139fe52b1b0,e2d4589339629645d85a6c1a8215edab,88981e5b92eb0fc6291a66ce7b892029,8.881146
f8f6ed51ded0d4757a6153f5ce0f8906,fb4c699559386e0b6b970181177d99bd,6c3ebcad285020fe222c1bff5a23b15c,8.868183
3158fc4f60ca92412de397461b64cee3,2bf9fdd42a3609f2c440bec186b10ff7,0a472c47d928bf4cd8b6a7a30345eeb7,8.821690
3e3d56f9737c010ccb5b67c601a18b53,66e1b657a71397245290f39ffe24031e,a1da6725143e50ad30af2c7856a4122b,8.788796
bcfc9032cea53ef734a6008742d954fc,1539409c01ad8a5e32a2574668ad975e,cfcab3d63fc144cd189d0af6e9213053,8.702523
0cfd915db480acd7d9a954409cabfb1c,ff41b585a087aeaab9daae351364e439,3cb894b9d2fb0fa0ba040e556b246c07,8.632477
2fa63db193ecb500d4058cae36026f8f,13ba5c26aeaa1d857d413ac4b93f0924,2f66b4903890f8fcc8bccfd80510dae9,8.423183
a5c9660af607788526f45b6774ac2594,53ae19e61b64511503fe8e4ccd3f7f7b,cc1ae65f9da3e917ded9ef6cc5325e84,8.296285
a1044dd75b74fbc485b040575a14acf0,fc373604aed2464ded6a10235309ed93,1b41fbc113f284d979a4b5c94e2a918f,8.210799
083ca1aa470c280236380973a48f77c6,acb08a83f62cfd54a98e76c21cd268fd,95287574a39117622fd74f06cadf5eae,8.179583
230b7f6050862e4d39911debaa3088ef,a67e0ff4ee0edd2ef3973d90080cb0dc,e4d119e7381ee6074eb45934cad67286,8.124375
198ba72088fecd3caeaf2dca0addcfb9,3c7ad0e853a5d0f0b08290127e7325a9,82f29ec26f706651b906acc60ba4ab72,8.109630
ba84da8c159659f116329563a0a981dd,52b7fa35b1e5c8bdea5869804dced415,0d3adebce4bebc1f80a7f36e9833f497,8.093032
683459cab0129375a071efb00da7c191,75fd71aadc94da494ae8e9010c38d4d1,6ebb33b8e0afab10328a6580a1c54be9,8.071007
fc719c11b4dce594f47e1f9aa739a3a2,350effaab10ac33b956650cd4eb15388,5ff620977c1907f6694bbbbc716cf0d3,8.038530
598ef1f13aba15f2b88387184f6c25ec,cf1a41ef29ec5a9935e2d1809af97312,e8fdf80510b65c9abdaf0ae2446bd55a,8.033808
09831ff6ab667f42521bcd4c22dc755c,4396b37f55a457b870dcd9137cf07e84,f3e7fae1e0a6001047deeefa288f96a9,8.014479
4c112bdeac93a04155c340b65b35c232,e8be4ed828717563c5a78ad96ba1bc7b,8ccbe46ffeae4720eba99d2d2de07542,7.977755
b9fba7ed7a4f5761ffd6c407ad764503,c6feddf1f8ee767b5c7c65d5313dbc91,ab85b4f1004139c85b34c049131c8030,7.949410
b47715fad5cbc17bfb21e9ab646fdfb2,38920184572395a482db42cb4c8e1067,f79b808e0ded7143da5be51e144f9bb9,7.933634
1b2db8ab2d8e7b84b5455736fc9713f2,cc72dd3008f4752e05206e1fdd08cc57,7f8627b25121727150b46207617a168a,7.920856
91fb82fe3e8b269f82616f53f2a4a690,a77696c7b42da1121205a92ddae7b5c7,1c119597703b882a5b24ab9139a9a53a,7.912824
073037acc049d2be44730a7e39836046,588e7e0d12441120556b3eab625514aa,ef32bb24f4e81a29a305e5285c8d3d34,7.907685
4067ba7df47a2bcb753ae5f7530fc7cc,8fa4922556e8eec12e5679c289fccf51,d5d78aa1e1666a81b03bd8791c865fd3,7.902130
186638bdb0f600c9bf2bd60e4b14537c,79da3f5fe31ad1e454f06f95dc032ad5,153a49ded28e0fe861f537fc2b881f93,7.898762
8bb910cd8c3b29e4acf2e94e3aaffbbf,6a3e9cd3ebd3eaf6a53cb71cb50941c4,f5281f570b351e2fc6569df06bbc21cd,7.868183
b608532e04a3070b4b31178948f5c43b,a62e5e820da4b79811ca945d941fff8b,91021949691f50cf0608e62a2b5efb31,7.855856
71df425cb9aec3337bc969df451d663a,40cc087704cdc9456b35cb98bbd6c8fe,69f300c1548bb914121c37910b3f8196,7.784931
935b9c5a3162185f88dac06d8d08d623,ba9ec6bfbbe8454a533f194e8cd420f8,a5fd46480530fe84051edbf96b8beb9c,7.732743
e44110c2ff342e5bbda6c2224d94bbe6,1018e87031636df2c2dfa4af21df3642,2b59656fdff6d982bd2a0a2b257a4562,7.626609
acd7af4da419afee85373166387d5799,dd24afdeaec4b19f1252b69021aa4ab8,e98eaa3acbf55a63a501cec1baf45f9e,7.472419
9832ae2f7d3e5fa4c7a1a06e9551bc61,e880c960b083af6aae64e809acf0693c,b2f6d9c004d4df667af498c97106b8f1,7.445069
a128eb4a87a5195a3a5dfbdc3426c834,5a14c8b3d919a4ef3f3428b0459c47b2,9cc4dad72e909de2e179cbdf7a08d072,7.398935
b5b46581465f851df3529a30d2503f59,00fed9e582d5a3e38566872eec164ac6,058b47cafcb62845676917a46cf732e4,7.377153
72061fff095d8325b311ea24e2f4a2b5,e43f88863d1cc9cff18d753d439d42e8,fa96c5866627abf8d7c8e2e371eb2504,7.347662
44bd7571a7dad968306f7776bd5a5745,8745becbbbd36c57276dc93fed8bbe1c,f4f43841ba1acc0c428e6d7c73658531,7.296944
6f8e7d40046694539c87b98cb5096a28,4439ae87a236a720d52416f0f5b816e7,e2a04e95ea3fda8f64fc1edeb4e04c34,7.239711
3a73ce6fc3b392e1ca609b5548418c36,d1bf58d8a4537bcae92031dc9506b0d1,c915a55221e61e2d798340ec6553d2b0,7.188935
3c3dbbf3d36a7a4587efada79a3166cd,cf1e42750dfb79bff91aebe7606024b8,632532c6ace2a1281a27e66bd5f4278f,7.126343
879ee1f90476a2fad74aec4f9c9961b3,694197f98148ec200eaeea667995bb35,c1eb421afe27745d1845f27fdbd14e45,7.073229
6ee2f345f4f2fbd1cafb6447a6b37642,39263e1d21c19dd12321cbdb04b3175c,17cb23af289c0b034d217eafe2b2e1df,7.030475
51c23d1b01aebce5a1e32e3d9b312aa3,629bb9d04c91f3a7d95a5fe1432ce47b,ba57eec47403f7ec083e0283b0dbf50c,7.024792
fe52c2abb172426dd6416cc69e6b3689,0d760576500ea8611379a97ddcebf3db,dc1c38562bafbecca9a27dd77d6bdf5a,7.015914
e6f7a95a474d4f2224834b896c22f66f,80c20223fb6b10d7e541a3cf6c5bf673,d384b1c62ae84499639bcfbb3f9f8116,6.994560
a1a374f4c131638dc698c76bebd11769,da6c1b5c9a1106ebca4a15148d062c0f,770df021424ca2a0552fb73c4583e2da,6.993102
70ad91901ad4330af432978ff134fc6f,fbf6a5df377654baa14f40156140e563,37311087440803cc1960343121d1de26,6.990498
4bf3d072dcf303280e82dc697b516c6f,aab068ce8be8648dba3e07ee803db1d8,d468c8e289ec694cf907f29e5291e94f,6.989896
9d2b062dc07734a1d7053478a7e83280,5c1bcdc479bd3259cecfa184ee78b9ce,9d70ddf4f9027ee7e5f0851c480d3fbe,6.958912
175b8225bdd99e95a64e07a6c06e8746,2b80b437f46eb3a17b0f3f1c8cda28b4,8e573d30402e9b57443d6dd90ab0262f,6.956169
5275b2f97b9c995d3d05a58610c0bb67,5411157481132a0783dbf080096a4c96,7e3edae700f739b8c77e2d1386148b8b,6.949317
89e3027de49c3012858cfeb7f5a34f59,b5f7524b957bdf9bba63541b933c1fa9,11156cbbd16c21d0f876588915098a28,6.926377
41b3ab6b1f95cbd2afb361e852a56917,6eec08eba397611760a7ccd3cd4aa98b,75a935207305c1dd6146a8012323cad9,6.918380
2ddaeeb8948d70423c3326843412fccf,629e289bf8013a1e9dcb5fc8cb9b377b,dace8fef361782cc885129d17c2df11f,6.761366
bb804ab3b59099c10245f17159faf55e,b3129a0debe3f118c75c249216364c82,f2314bb87d6f10a76f4a5d73c19487e3,6.756678
98d2fc070f4afbd02c5788eacc6949c5,bcacde1646a9bcd27d5e0fc25ee685ec,588017c78f6057bfaad9fafa5a05f5d9,6.704850
2c961ee955abb3ac9a80babd54ed4156,223067157b61a8e20dc19cbafe40eff6,bd097e5fba6d060c0adb69b8865b1dfe,6.636597
cee4e6509d99d45518c65d26971c1cbb,00cb18db3d9c03f8386e7fc70cad2504,59fa9c0df154e7b3b8bb9eb70cd4ec86,6.521736
44b6bbfea26596437062a38c8e6bcec1,fa9b3f5a0eef7954729a194715780e1b,c2bb89b5c1dd978d507284be78a04cb2,6.506609
118be57d1b7de439453a0c6625ad7934,426d5abd8bde1dc9291aba9f7ebb22af,fd732412d4727a9a7e0d6231b2ca11ed,6.429433
13abc50b97af7425b5066e405d7cd760,0e1628ef32043a2e0c0d7152af698bd1,5f7363eba95d6b80c0b0d44e53193e0b,6.428333
87603dde65ee7120467ddda1a883bb24,42299af0a6ded1aaf44fa88f6c57dfac,b2b7813f1cf4afc8e5728398618bbd7e,6.412211
dcee1e44ded6f1bfc5b4988d771243da,6a9dce70e1b41a16991dad71dcd0411c,4faae91a65b5f993113cb0c78ca14a61,6.345602
83424549593093baf504ac260d4615e7,1f9dfc58c0cc9cd0436629cbcd7fb639,4316f97fcdde6e62ba7b3b1acd09291f,6.303727
0488328f0b499963e32a37fa42a20ca0,5a92b60d387be04eb53698b2f8b9b043,aeedca46099933fd8fd182a71b4f22c7,6.250058
dd20866f2a6d0f83a61cf8887a09528d,058dbc6a010af0332e7515f383c02b5b,9c893d6ab03661d6f07382306b4de688,6.179421
a3cff19572a9d98802efdd6603792ce9,c97448e24a8f892f02dcf3089103346f,6873a2599d71da76be91774f9e8b0af7,6.176771
76a0491dd70c125840fa259f00dfc351,a005841d24a8532b663e347f1237ba30,3afb5554304bdc748e0b05b9b8fbb9ba,6.168611
dc450fdb03562a6d52752858f7855348,f8ff98a36706c66da3a3f060a0ec3141,86da41fac2d3f448976995f9b78c335f,6.119306
4985c6f86aaf1460d9b6fdc74465a5a5,037ce5266460af220f19d497b130e737,e79714832b01797085c10409669150d5,6.112072
6316cfb9fc33f7962f7459a3bc144a89,36d603f12540763fd9e99b6eabb53caf,123bea8dab4550ec2592468bff3e0866,6.096204
3c884190b71bbb36aab161465ff1d2c7,5999ead09f96d2b827245b36f86901bd,a671fda2c37400a1c328ff9c7c492fe2,6.031829
edb73fb9e9c6e283badde40e37f5c9e5,291cc6d48f9475a822aecd9c9a78d4ac,5c35bf8376a214c893fc0bb5345cae94,6.028507
9c3a23565ded3e71fc8979579e8f091c,0f2fee4fce11f7af3c9ff2ec093eba3a,bfe6602edb1568292d527c61684405ed,5.999444
0d997d092f93b5c58d0f9b4bd0643d16,a92ba1a2eafba406c847277f7cc5911d,e5e7f892785fbe21a339bcd77efdae86,5.995509
4eb6fcfd481ef3c2ab3afba135ef4bcc,38b584be7174802377777bcd60e7a459,4c5c8e4d5eb79a80f344aa59a4d8d04c,5.989039
5b71ca52f13f79c2be72b2aad8755c0a,9792e6669ba4f0e23d84a9ac8af2a423,424fede77e7b571eca6ff46a2276f8af,5.987477
17e873c00e3fef97c9f1347c6681bd1a,9d12e7d13379e3e2a600bfccb801604b,f1a325f15bbf16509adf17167330a905,5.987002
fb7e29c65321441231990afc201c1b14,35f7b5bd54e85367e42167d104f06813,d4fae577806d683110e00e18a5e181be,5.950197
729089b44985b34915decf7117d8fc2c,fe11e7a52ece42d51b5e36aeeec40922,6e884f04511bd82a28b97aab89dd3637,5.947234
4e4b787733d41ea0cb9b69a192bb285e,59fbbd67b9aa1cb1e222932e9d4f3b79,502964d22e491eff472a1d46ae55df97,5.937535
85189d642c11e7090cb2f72fed68ea42,0e4a4de1d15b6df8d4335fb2db61667a,af7de7cc75eb2f7d0eff2e383eccf083,5.880336
ef89c781d27561d99c4b90783fde3c57,c2c7f4f0955b1fcd9425c97f401411b8,bb780bb5301c5109cb6eb07d06f3bd14,5.848391
2dcbfb99d95c7ba6eb992a98627f45b8,ce5f998d724ed1ac61c890e33b24a33f,4035b52134bcb1bdaf305b4671495372,5.806042
e65862da4f9f183565831cf7e1cbb7a5,ba09602fc04f661e829787eb7ac331e7,52e71da3bc9b0aabdba702eefe259a71,5.804456
91c0ed5fde94a56b99e4ce6d43d0d6be,3f9b6f8b34537b09fecc693148454b85,e5b8c6e3d666c6653f4eb12e402a0ece,5.766528
cb5c545d96f39390b7f372aaa88c4a7e,f589bd1ff18deb4e471366b1aa443c84,33e0807c2b09499ec0026e216114cefe,5.729352
133e20311ec257bda38f1798250d38c5,bde4e7e3544abf70e995f2cb0f5fc992,c820d5fbb72e2b0a48074c0f7f08a295,5.719711
a3c22bbd3ae5d6200ac82078b67eec2a,10010d54b0ddcd2c4ef9076ac5b16e2c,deee3dcdb24a546fe11dbf20968395c8,5.353218
2dd7f52683f631651a5d94056935e1e1,241adc087f5732067fc042dceb9cc6da,2b41a3b768bdb66c8a67b20623aaaf78,5.352998
d0b2f9c9f13d9048969517d02237b432,60b4bdf4f0d6dfa53d78a82a4fbd5a6a,4212c4acae39b267aabc4696d873cbcf,5.167188
bf087cbc0138d7066e1c41d1a97973dd,35b7d83c8629ba8d0f718d9d293cf436,6ea34077e85038c0ecea08593783a1fd,5.065949
6a583f4c6790a4c8330beb7612e17f42,a8ae22d68419abf4bbe92b7623b08657,97d6279a91ffe03ed63041acff508488,5.017731
e2492e4188991b6276a4a62a287a5451,11ff2af78a9ec50c26f9cbbc62a10d38,a96157730ca02d9de4c4e4ac2fc49f2c,4.990729
cee86ef4954e9d77f02cbc2276dd75e7,853847abbd6dd9c640113b42c3f10cf5,57135998a968ee37a773daabc8afdade,4.968032
2ac4312997e09e6770fd4c3d52adf77a,e3e77a472278ddd0f93e5b1391db15bc,a9d8070e7b21efa5414c183c918eb4d3,4.940278
cef42836ff25476d55c9a3e58f8da99d,cea7721ef82b51a0f124b20170c1e167,fe98cb0615a7611265d8955be5ca9497,4.899653
f613612c35de4ffbbdb680f32e3baa80,a9903e12b56d3ec4c2de257bfe2cdc80,c164550f33679da3d32b3ce6078cffda,4.842442
2642f11f7c5588a63213b5e67e8ad0a7,8051026f0cea5b93df6bf42cdf1aaa74,cd2457140ff84327d7d7030053b80fce,4.837569
4c5ae17e8984ca0916543b159eac0f2c,d5ba80d74b52c335ae36398d6159e6ee,dde5ba33adc988d0007371756995fb3d,4.831123
e8ddc823809246fabd9c235ef7714630,05b3514bb9492bc0eb20959fbf445927,16b314cf8f0bd14e3675d33324bba17f,4.734028
8170c6e6d010d22195bcd959f5de1ea5,29e2ad0dc7d3e40270b43dae7133c30b,665739753f7fecfe16152f5be05500df,4.660046
3443f8095ad309eebbdc8caa8b2bf936,a567555641df2aefbf04d63d0edfb836,e8a2fe3e5e58d8ed9080188f35c108ef,4.640567
78dc91ac9a6fece2e327f74e96cac0b0,c3f2643fac2837e3768d0ce83771e322,f638d34835b2bcc16d7c6880954bc00f,4.621667
231d36f5c4b238c26f449ffd98c79180,5d85cc48fc6c9edcf1933e6e66de1a47,552dee1afe356f3a07f118a9d0741b53,4.598403
46b061196b47dfe9318d38bab6a40ee7,be16956e185d1e4f58a8443b3fa7b7d6,283ab9feb81c894d77b6f7d9b3dcb32a,4.530058
6d443b75cff956bb73dce7385033e266,1857e77a4bad8abb2db929f107430663,a1fa82769a203e30b8faf81cd32e5193,4.398148
dc1e294dceea9fbe6bd8646954e03c95,320f78fd535046175c97176db8c48b98,a63a3d3aceb23878150f9186b9bed935,4.387384
bb8486cad0e431659227f6fb18fc6a72,90de07e389ed6cd973ae93d5b36f159c,7488261a98cd6d7cf4407a8d6ed81095,4.263414
407a6773db6e845737d04a6e27e653b4,044496e055fca9c2f17e1309e77a48b6,1f15c9ad9cbf840899fda2a63d4cc760,4.260370
99da196553d9b67b1c762a712a8caaf6,123d32c3da610881ddc7e17902398c05,631e1f23f43b7ccee3a0792a1852c931,4.211597
db03954a9a1cc5e71f6e0f73e81a628c,e9b735c3e357b0f402a642f5f20365df,de1f7486e03b78ba57d0f814b925ead3,4.159248
1f22ecb07d25446bf52c51afa93cfa3b,3c93a4cc9ca8a3e1148b82d0425be9c4,dd38e535112fb5094b53b1997c4eda52,4.070475
db07fd2ad9869f8356b1fbeefdac31e8,4c7278311a8fd4a51374e5577ef92e27,e668b4a7dee7f7ceea60324b812ed5e5,4.064977
50a662e7d7e7e2a94112a4f15a37464e,cdaa50d46a294c97f8505c6ac6145e23,c7ac3cdb8e2ff8a57c503de24f1434fe,4.045139
be08ef2ebaeb41941a53aa75db874099,8f82cbff74ca9eba2273adac86c08a2d,520c724197ad994918261e680ad7b8b5,4.039190
8ba03ea7a871bdaebd65e7a4ced27c2d,be7ef653148b80c79b5d9b8500c47949,c559ef7939489ab0ce5419d36a23938d,4.024769
013f4353d26bb05dc6652f1269458d8d,ddc5df3b1c497720bae1692c170baec0,9eead354475b8b8fde3811f26b2599fc,3.998356
a80a048ab08d27168131328d4e2fde1c,a96095e939ac89b2ee0975e7c5300a68,852f03ee94e792bd908883a245f246a1,3.992188
e208e280c8d8debab258793b0ce264ba,7056ed3b6f11b379db7915d1f6a69ad9,d5a0f66337a578c36b0091b8600a860f,3.958380
59268ee5dc0cd98a36ea808010826cc8,b19f842d0b61315ace1d5428f07f7b98,1feae53afbeb20695102145770b6037a,3.951725
bc3e7032668d3f411c227eec09221362,3ee542a715481176869e6cf2772d202e,f90aa72a8cc03aa3c3f50789ee872c13,3.945208
3170ebd8b32a5e2102c9d75e0a7f6d74,5bf8d66f260e15878a0e458ba4f33158,02875e2e1d01d7a1533215fb97510b06,3.938542
354004e1432bff6f9008ce0a5afd732a,d31ccf5695e6ca12b39b5b1f2eb7f6a6,29eb6d873f1087b4afd226c0abc162a4,3.929155
7db92cbb797de39eebe3bc986be820f8,9c020760091717505c5fae8c935f047c,2fa10f3a5be4a615bac800682c485f1b,3.878426
d2560fea402745a0f20f542f829c6109,502668fa85b6cff5243cf74ce4100182,96c1db24eb404d9ef6d36ea064240fed,3.863241
21de770aa4f3a60388b97b416ad38343,b523b77f215e6c094c97389acf24ea9c,a79e71cf3a8c8b52b0fe82c772927688,3.729653
07b1b60bca2b6326fa2adb259ea4a55f,47a3f2cb969f3d798bf29b6c5922490a,64aea51c84f7779855364184e8ce95f1,3.727801
b7e2b4e7e5bbfc11eb1b22e6d822926b,706f426a3e276fbc171e2d3aafbf2e1a,8d6eaa2fc5ee20e42dffdaf355b260df,3.713391
0f5ac8d5c31de21d2f25e24be15bbffb,428a2f660dc84138d969ccd69a0ab6d5,55f72a4c8e4ca95e4ffdd60cbbec8c68,3.685220
81ede855f58f99b76014d66d161e7a23,34e578b2d8c11db4288447dd459f9690,036ff362f1e7465c0ecad8f54b2e6c06,3.661620
c3a1aa867de7bbc426695e756107ed38,73ed85f5462f78670fcd66c2ccd79f06,356c676af9d2b3828c504330ea74ed73,3.516921
7330a3475a2c65878c2c9b95266bef04,b80e879030f825a648abffe9d993ff6a,fe968a563e6c2d5c98021df7d87ce9c3,3.305440
0d57344e9e4e9d16dc699cb417e50cb0,a24ea9c91abcc9f575f813eec32ef41e,74174e09b0021ebfcb7b5e9d115910b6,3.304468
481060b29de0e9b3d7f4b2991cfb0767,78288ea406e8bdc11d35c15f1ac36931,a80fa61306ce8d33073362ede148e9ac,3.223669
87c9e7ba960e4c2e6bd786b162adc639,83f7e1cbad6386d501c636d6cfb23e55,ec47f6d453c95a0bfc244df7bf0262b8,3.218542
5a21363c92f912e70cb482c96bc03af3,5a583547086c7958be6668ef932708cd,e7e81487cee935dda2f15d591657bab2,3.168576
672452f682b6cd65d8256f3e527bb93f,4736832c0e59da8a5d32fcdce7afa55e,05aac5a18dcd77932007f57de8650622,3.165995
bc0cc7fd03864119501b931413dde0df,e6ffcd88cc3d2795303c2fd25cadf74a,5c0d142e02002952ffe6ae4db1b02baf,3.126134
b08fab27d47a1eb6deda07bfd965ad43,8dede9c6014be218c3fce9a53dd44214,3972df2fee6713723d3c001075f1a039,3.095150
9ae2dda41ec3dae4c5c780e251223272,9f3d413d603e92e1256f70cc2c0b4f85,1629176e313470cd1d1bc811b4695065,3.062824
839a04051a2c347397fd425d01fc3eb2,12e4a8a3ce5999f5d237b1e27b06c60c,35baa1b2a801b5181147ad7c02723d9d,3.051690
a61a0484f0c42f81f6299b8d89123823,3006835c4c3c11d4869c6bd3d346dca0,8c7743df5e89b7178ace0e9b7afe5208,3.044896
bf7e07e4ccc7df0889db4653d60c3f27,de7ee6becf8148c0952776a49f980c19,2bc420de7e8e4174fd5c88b692c2cdaf,3.038646
5edb5e94dde197f8fd914eec2975b891,f6b066fe810a20c879b7a4aa8ffd30af,01c79ae32ef95b276907d99e83fe57e5,3.006146
6ff62b85b8dd35a3402d54618bdafec6,bb4412024038d07d6662179fe273519c,5dd63219d314ee0914d93920e6f091c3,2.946319
b6bb8e4780df00a25fa34335d3dc1330,1e2566907e0655a3549bdcb88b0291f1,1cc1289499f63feb5febc86506a7052c,2.923356
da8198ea45b815ac5588df1dc7f66661,78892544c5d65b81d65bad8703c93de0,7ec6696d228f74c2935e596f44195356,2.892211
fc685f5d020dbc22ef7dae7822f336dc,39d92c90ecacf0e6411af62b7bcabe17,24c62466418a240484d7c25dbc112222,2.843762
5f8ad624020f7db33a63d5a0e5d14348,0193a99edc8c599aaa16f9b9e991efb8,f3d2d81bbba5674341cadf212e3ba72a,2.821262
213b36024bb0b8261de0ffbd652ebc34,827e39f2fbd0101d81c2168ab6699f7c,0edefae02733735c88d242ce6b781802,2.780035
425634deb94b1080fc7d283f3a644941,945bbdd66669edb480ca9f0037ed11b0,0a485e9f82800bf8b36ae34ad2a91aa2,2.779873
b62777d3969196b3329205b4d8e1ba0a,b3bb81a4fe1e47c62f92706ebdbf4e4b,bfcf79aaae774aa4030a0d2e2046c525,2.775856
acaf5177d6de60fda7ce77c48abb5230,4b3fb492ac13baaabfe1ef6b4e541955,65693e3a7937ea70a977e883a08de8b8,2.774456
4fcf7b9d6a54ded837b9a0ff601bf7ef,d03d538e1d175455ecad99c3d0ff007f,63099b1ba1729612750a8903f7be76d5,2.708252
589211c7448e6c3b58b0ba98ce089ee7,c25563978406540119e9bc10980b2fdd,fe751fb989fdd6ff6c21a0b708da0d13,2.639792
de34b16117594161a6a89c50b289d35a,f06059b8f4dc49c4f76378b7715a63b0,08504a0dce0a3cd13b3f7971d29fb991,2.630347
8a1e8b556fd5feb59a63729b5341e71a,1b70309f9d8c8068c52cab917fb26379,c2d986bdce3f3823bbd8b8b4e37f5727,2.608785
4011b7579e894fa929d2de97b4928f41,33c5dbe43ca27f9986dd3c0f02b94286,5fa2c99acd19b1724a6bbce82b7fa3c9,2.447697
9eaed62db4e25ad2ac2fcdec58a8e6cc,d253842de8c5d6f95feebe80f6f6995e,4eef2062377fd17cb5ddfed73cc1e564,2.405891
0509ab034845adb0b4c91b6f0e7b7260,22e4e5e6fa9631bbda1fa4bc19893826,a6055e208086fe169c0a0f191b43445c,2.353623
f74a075d2c4f68917c7d568df06b1e90,9ac6af8b99d3bac9717dfb60bfdaed60,e03566eab6041e05274e23b5a2fe5d31,2.333461
71b14aca95bfbedbc5746d2c0a92d8e2,8b79235214c377ff89c61ab4667f404f,f5a511e584053180df75a3a2138e9ae3,2.330104
a5d3bfee5b23b430b95c4ae295e1028a,e09dd765041e9934d762d51ccb26adee,51ceba3ba51d4b4543e7f78e181e0ba9,2.272859
8e2c92b2442298bd653b0e9aadf4c313,f15da8ecf7448df2333a470d2637bffc,abefedeaf61ad043302fe9d2837a9772,2.213345
07bd3d18ecba2420a8934b34a26f157a,fd7b5df31b1135f945600a23960438aa,51ebb2c24714952a8ee7f24d4b90ebbc,2.203634
a8060584a077038962852f3184a4571e,cc9bbac0ab49464c551e527df59db18c,3924ecb5e299e5fb70a6f38e34aa4c1a,2.200567
15a52a044cbf18c87283f8c460ad5ccf,47106caf7707ccc0552581877874349f,64be1ceac437f2eed73e5b001d190e97,2.199306
ae44510fbe1ff7826298182f9f21aee9,97012c3a032fb57d51f04669419f5a49,cd4d00f4cdfc2365a398924baf0defa7,2.181377
70601471b692cc0879300373118041ff,086cb9cd0cf7067d77fe09f31620a52b,47d11383b93b217d96defbb2ef1a209b,2.168125
4307ca57b237ef2790e2a99ebcf3c7db,c34a43c027fa7de5cb6c02735ada2ffd,a8eeef949a97362f253b5d6b9aa7b498,2.155220
585ba6a115792c0b0483d65e5ab1f4b6,1bdd4c66aa68cf72d2fc25b9f9e4bb48,71ffbe37a2e7ac438c81adb916832bba,2.105995
78a038d19f31c40c5dd68c112ca00ad1,17e73283864f2c7bbdb6856a2b7bc13e,ae1b14b57f98fbf9a364b91093c93e40,2.098044
97bc08e526795b17e1d4f642f77ae304,56f5835a474cdf734462ea3149a1fa90,91292acc131c233256e9a15bee217c53,2.066944
ab0faabf48c8c0108c13277d2b701f16,a4d54099b02f1e3e36119e0417225d23,a9c7a663695a09a7b9b9bf94bbd01121,2.055312
1647c6dc2941bd075dc5dd3448807bed,b239d7a386db8ffed15c72578e9d3cac,cc989a89a90abba764e86887625e7e26,2.038067
2e366b0c6451864364bab2e7917ca1bb,41b39e8a2374f3afc0e36d2bbc2de799,af95d7a4f9643401325ec89b4f7f8afe,2.007986
50e1b12ee1e2eab6157d9c0b035136af,2fcae632b06e40088d1800fc1cfc3e69,ae120be8d03530006a9cdc011d8d09c4,1.987986
7e75aeef30d7e9d4ac860fcc8eaa8812,31198c57e7c220ab18af604edd8609ec,4974c65072c3a0265ef2be771aae8251,1.986840
0341bbd5c969923a0f801b9e2d10a7b8,1422a4b4a2aa8b66fd49ff5557200b42,192162688f179d526243e303ed01abe6,1.945567
1f98d2384ff7a372e6a2d3bb75cbcd54,2db6682455f3a6b47b5202e00c855789,0711b9c575a5235790c3f863179c3267,1.940718
475d4eb16efe698064c2966acd62584c,a546163c0115aaba54fda7298ac1d55b,cf8734286de02dbdf9700cdf2bf07976,1.930926
94a19681bf6faa3c6ce3e2df1c2d97cb,0ced306b608e9bc80ef960368a3414a4,36740de778429748e1ff6077c7d85e5f,1.927222
5bad02ee81a2002eb3b5b84d32bfc15f,638fa07954d987db6c7cc971c365eca5,3b2306ebbd3f8e2923984f42b2c03228,1.905370
417021b1b4553c55daa22f17dbf37cdc,1d6a2a632c284f1c4fd53baf9e705693,99ca8b25a7b584ec1b48b0a857a9211b,1.899005
4c4b5dc90eb4e33188153ca3e7999f92,bb217942f3a8142b20e2e509a6f8927c,68d2df61243c80ca57cc40e6461f9732,1.845405
e5912280c9d8c14b4e7778df669dea07,176e0d39e50430555a62ad6d1bb9c25b,4e9d991478ce9d386648f6dd85475b6c,1.843333
f9ae226291893fda10af7965268fb7f6,c6492b842ac190db807c15aff21a7dd6,370e2e6c1a9fd451eb7f0852daa3b006,1.788403
36445bb429c8bb13c3f8cd6794723647,75754d7bcffc106c7017989bd4b40873,0baad26e1a67410a85b2b38558dade2f,1.782674
f720a16300d5b9dfa4639686e56561ba,97a0c3698151724b828f425d511d224c,3f1d42a217afb22fc9ee819f602664b2,1.725567
60d2dc24e6a89bd218f646df03674e5b,f2f2e2554ff7ce6f4ac51ce640a8a9d2,68c7e05efd75f44bc692682d695a480d,1.641215
b64d39d1e77c4d9a7e7d002ad7552178,d2b03101f40ceec33aab383966db0328,03e2511c3ad8af9188ef59218b1e8a2c,1.636134
df19c809342ecae8391e68dccf16fc8f,29380cfab5f9f5f233e2c71e16cadc68,ffa466d3e55f98477b7e0da764df3c6c,1.632500
06d26e5230ac619719997a8cf435a69b,0daa8301819941dd352fe651f9fa70d5,4f08325d27e2eb6a5a4c5f4f94e59e07,1.504456
a69d31a5f6011df99d415808d6d640b9,2a4e9cc2c53dd020a94fb56a25e0be57,40a0fc3c21a8f455a5f8388ed46408ca,1.424954
233c8f191c45cef30af148a82ac70020,bec49fb7d032cc8a815d4135551a98e5,c7af2f59ff42f4410a1739111dbea489,1.405394
fd8ccc89be43894d2553494c71a61fd8,1b82cfd1e6a6d682ee254b2ff4cf387f,41907a6e6906a563e6dd54a19d77abcd,1.370174
d821b0981be9795c42ff1b2dece149cb,f2c1000210dfbf33893aea78fd9d776c,7bd70701de0d9e7939bdc5eed76c0a84,1.360486
31e2e13cc64f2a3bd9dbde22bbad06b2,33bfe472174712c99483919c79e837cd,457a53571ce58184246a9e382fe8512e,1.285000
cfdaaa0caea59b06efb4b0fb8c700684,e2dc8a03b3380b3a3fa8c7e175e97688,fc3e5cddf41dc7757252c2fc0a6c947b,1.276944
032b3a42598667caf2e099999b9dc1b9,22ef9d3714207d9a803bd9acb19fd0cb,b36d9c84b0033e4366759f851db473a8,1.254468
db094faaa9628ba9f5e5da127407f139,566bd20ab298b6bf2a27edc5084545d9,388fb3c827cea2f9e0a3fe1efeab7935,1.252257
2e7c511f54e9d94776c606007d672a22,511792104eb626cc6881f7831561265c,ad55129ee505d7099cfa6fa9050bdec6,1.231319
1581a918a58a11d99c69f86d9c0d2098,065a7d9057589f809082e012f696cb5d,9760a853206ee0cabbd18c7449b4edb2,1.205775
f06d35a600b606329886d392afda66c7,f895460919953cca1c737af25d8faf3c,7453ef59db78206e7036df2120481509,1.200938
917de9fb824d070a7f1f4db097cbea8d,3d9ffc9b8fda8e673afb17351d2c0ec4,aef772050dbf72333f86812f5b2b7921,1.167373
c2b85086965c0fed46df434ddd474a9a,79ca165f6ef474ed0d3d2aee1ee1d095,74f9ee0e66467cc93728042775469e4e,1.121308
7462a753a77ed093330660f7003064c7,46d041b384bbdb77141815dd111b0e43,36534fe142509f207606ad15c006b7dd,1.111701
2c14db46aee6245ff5a01f7f69544f73,377aec337a068541200f33229afa85fd,bfff22b563631e997a4a22dd4b87abc2,1.110255
947c249c7f31f3eae2bd05454e1b2040,52b5d7a8d05435a607e602cc6d22af5c,f199cd14cb3f15b4b30dd5b94dcb7cc1,1.105069
e4419ca71e493f57fce5809d2039e9ba,73d8fbbc006da6a68bb49f8cebc05a50,f7059c86772ca15e9640e43be7c31fb1,1.038738
0361e980b28826f4d286ac144d9b319a,b9f46930a49f91a659c2f17c92a13746,3eae7531a136877d61e1aaea2684fcea,1.021887
db539c729198334582efc7b53c803c79,63a301cc49568c5b437aa940f1fbb388,12f5172274e18c74bed871bb07effe27,1.011227
572a2a7bca60d77e596287ea324a4680,8f1e5b3d65494dcad0fe81b2d61480b6,6228ae77b89ddd0553cd938d128549e3,1.006968
971e2252d557c5f6b2de810f6fcd52eb,9e0e712546092840f5d209f6d4864f8e,a6b4e78fd33ff998a908e7251bb769d1,0.995822
320e13a9e22b4e4cda8c17ed1c140ce0,fe97f3949cbc37b9ab48ac5769514cbe,4a6c07557205c5dbdeae7e289af5c1c6,0.976713
cfb025f193db116549c9c23e4d58e3e3,369096250e5b27d687c9435d577ab29c,316495342fc714e50303c6cf4feea79f,0.971991
71a26c172a544ccc789674f1fab9d951,5f4512de765229b8d671ce5a2d28fc68,07d60a76803db63f0ca6708011e8cf9b,0.952523
511152350c802fe363fd2417b1a09357,d4dbf57d426f53d8324bdd93b74642ea,960191fcb6e80a09e5060e382e0046b8,0.949861
a54a1749bd03dfe0d3642b7fbd888b47,3a0b1b5c52367a68f9deab55f3464a14,43698bc1371b83853814e6a6afcc89f8,0.947650
6897ea9a949c1009af8cc38e691f260b,ac416b71ffbc5fbfe4b5cea8a05b0d4d,d379476af4ac3bc71f0f857e9f2827ef,0.944201
e68e1b61896163cdd7f8e07b2ae814c9,99e2a62484480920071ceb4d04da5e17,6ab1c2fed90bf0906b4d5b51f7d333e6,0.936782
1015173479527a15ccb63606a74f404e,c360d21b65fddc4ac8f8d4dabf8c946d,c1eae222313b3a7eac740761313cbd27,0.914873
582183483d33018384b309d31c45f353,2c398232e6fe6bb3416c2cd54a5b0b28,5e823b29f4c615d58cdbfec5bdb2ee73,0.914595
c7fb8ec1ea35af7e89f989b6e17e2bd8,a235dd3be106ba5b2ea4610274402898,804a79d234b0f9470b218e9abef45e7e,0.913275
18e1192f2a6be73c4365dbc29eb7a6f7,c42c73fa91d5ba2298312db542e280b6,8dd77e1eb85a144a90a50d1a813bf84a,0.890729
a0d44d593fe455c0ec7ed8f4715190cb,fca0397489a3333e988ec1218efe40b6,c6bbde0cc0abfd5ffa9ab6da2d7391d5,0.880382
b4e4f24de1e8725b74e4a1f4975116ed,92e3b708c3923190432db2b9fd006b44,e73eb0a2c088eec6c479d66ac0d910f0,0.867975
53cc7338a7d5994fe8baa28a039d2343,ccd2795b4fd33757b039fb15b8a12109,0c0b4c682dc77d70dbc4cf1ed44ede36,0.867928
a40096fc0a3862e9e12bc55b5f8e6ab2,aec47b9987c836ffee2d7664b0929ec1,d839ea07a528e914f89702508023da37,0.845984
58c1b085b54c03a1f1ab5f13d64c2b1c,bfb8512783ccd2271d2e96d3b856bf2b,e3ef3902f4da2bf727f00602d912d034,0.830428
29dc4aeff866d6a940c471a3ea4faef0,7a9d4c7f9b068337875b95465330f2fc,037556f936da90c5f9504956ff286860,0.826562
c37cc6c1a59d81460a3059744f7ada1c,bc46c2cc4bdb50a72e172392fd97672b,aae977c782835b108e46fa36a02dbe1f,0.818657
2516f43838c4892e066fec28143efa64,e713dc6c1f73c883bc8e42bff335eb8e,5d52a189aad255c960953d7d5d1aa7dc,0.782083
08fb46d35bb3ab4037202c23592d1259,b240d7e249b17ae4e87e7fc8023378c0,ee64d42b8cf066f35eac1cf57de1aa85,0.733356
f7b62c75467e8ce080b201667cbbc274,262118ce178bb3e4590a3adcf6d62e6b,835bf4777ad72891587719f1098e3528,0.728160
bba29bdc2bd4deeb7bba3c61ea98e012,4cc2340048994d76ad8665b2ed98e19e,5c05c6001482248cca1f553a2c0b0421,0.699525
91e59b92e87f627abdab279ea3ab0c87,a7d69ce9d8cad8e7d9b48cbdfe236bff,eb909499d5b377c57b0af7ce0b005bb4,0.681817
2ae6a57dcdd2f1424598fc480cbf698a,3ff79cc8f927df012dd6b1b823632745,8d8643b7344d206920590efda8cc5cb7,0.648993
e6ae3727da5a849a77c47c7d661bd152,370b3c2ef8fa05039d7f93c4c9f66470,5b33244d158adb23abb0d481fa052af8,0.633866
ac2606825161d003acfbe4f43af273b1,11ac4935b48d92b0e8d9b2176da04d80,39767f4e322daad6653874a11561f42d,0.598495
2b19910e856b2ba3e7257e63a093a3df,fff6889749958e42b47a7977a4cf0ea0,a6471477bb9173349168eecdc8871ed5,0.488194
d55417a83a73d1702b43988e63f0731a,b09109563f9a006540433672e92f5c13,0510fbef17088fdb22eed8b459322c62,0.426898
5c117c579cb98a9c6c50e1301a349f3a,db4d62e39557516a1ce6145d0c659ae1,6b37f541eb6753f5383147a84d419d11,0.419340
d130666a33d3681209c5c752fe56ee10,fd4c3a2912e854eedd463b329540da4b,cc427984e779c3d1dd7e082f39a98fc6,0.398229
8a3e2983c35b5d2fb78686794986f7da,b154b6c273af25ad4864ee4dcf0e47b8,982220161ff9c42b0027046477302c9b,0.377627
c8460e4251689ba205045f3ea17884a1,cb1f3a44e8b8527e16913306a4d3de2f,3e073b27114fe955e184db124d34a566,0.314271
a3dc27d87234f862d7e61a0148c77fa9,82459b5637153cf097d689a943d750ce,cc7e03bc8530749e5b107609bb905580,0.303912
aa819ffd42a7a52ddfaee53f024fafdd,223a155e5dad113ba43fff75ecbb3d06,5f308941ed9b7d5b0a5031e2929f17eb,0.298148
24fc2d6f4c3339820a1a3746a125f8c5,f907eb5eddb04b68f52bbba38b075e8d,f0e74c12ef7d4fd25bec19ecddee5438,0.285451
2e9399fc2fe209771a6f719e14bdb6fe,b51231f33893d9819e080213165c1c6d,9938a967279700714d16f4c8437390da,0.276389
b5d391e8447d5ae0f8b852be83249e07,90a1422a1f083e2c405dac4289980c69,ba75e370e47503142da34eea6301546a,0.257002
43714f2590bcb9f935ae68073d6c34f1,2e714c63b48a7f01b1bcd40c2621b813,ccd6dca45b65f311ff32ed8fbfdc1efd,0.251551
67806996190d3af60247f64e1d03877f,a6885484f375e5b08eef9d9cac53af34,c005c973843746a08a6ea826af4ce0c0,0.246435
156283b6ca35ef976a0265903145fd5e,a476fb0537849039cb122034488f8ee4,908fe1b8b7e5ef073fc701112c902111,0.242986
e9a6501768a8cc1125752e157da21cc1,d84dce79fd962faab40bc1d4b084d9d7,0cdbb064516056ec9be699ddabadc42c,0.240822
743b6b21edcc4f0a9be82e591187e0a8,1ae12b6aeac8467444bd1b07ab3c793a,5f3e315da0dbfdaabd6f8cff4fd2946a,0.213160
0e37a80826485260170d428b06df0ab6,7459e9507588bf704829087454fd707b,d9eb574d9db751d3a86c7bf179ec2853,0.213090
149c19901ddcd1057deaabc003004a12,c42e30b51c34dbcb30e27a10e1ab33bd,5c19570470dcab18cd18b1cd390c042c,0.211007
daa7bbf7016cc30bf64f97d1db63e5e6,ecfac5c29a3281d0ccd4cd7b53ae7ece,b1746c7d13f52567b4cd6710249240c9,0.195648
956eadf2280a25c360ccfc7b42b21313,ff85f6534f8a6b89e27a340dcf86ecac,973f8af1ff32939821869513562a0978,0.194051
740b9a28b39035534bf3425b19016263,0f914d0786d04db3fe3dfb23cfe60aeb,9ac9cdfc539eaa872e8d0c652d660e6b,0.180903
b021c4914aaf3c673e92473fb1e61010,7cdb98b018309556c5994e4a200213c0,29da327955bc0e7d3be1b98d93d0903e,0.174965
e69e2b2ce493d7d2307b2588fd1614bd,6120dca54b9adfd072f8fd9574161063,0493cfcda1fbe4c59f584aeffa96c098,0.150590
db8486f106d2a7d4136a2cdd32ae7870,36dc666b3287023e11e5497252e98707,ee56552853eb61a6cf4430643b023bc3,0.136516
33b239671c1c878914ed922a0dacd607,816d5d441d23818493578fb1db0a22ad,34db12eded81bbeb870aa3fae6848f90,0.133993
5d8f5f50fd2c7fbe8b335d945105a37f,d7dd7b5a139c49fb68a6977797599973,9d704d006740088d815b14ccb103c4bd,0.121644
7e30d2336a1f1182766cf6fb863d5554,ea402ebc995cf3c736876cff354a896f,d8f1c1e598fd2b2e9e562c42782e0226,0.119734
4ced1b9f8668a9792e5484da6d97b229,e8b733ef6cfc7789f508ec9457122f42,971edb451cad61fd96ae029b1248938e,0.109954
a3021c629bd1d99347a8e75a9ab035d8,bc5b4da3794a8550eecb2faa39afaab8,6459b5f821625917c621e74c69b48cda,0.102766
5ad31e19d737a51f803e6986bbd119ff,3e65f930729bc14824ce41dc1e8084d1,3453f6956295695e0125cf11b651bce7,0.077720
257a0a891aa05c945617ad8f097645bd,7bd508c317f2ae222131716385444119,9bf744c017456c82da8849a2c92bae84,0.066505
83e7958a94bd7f74a9414d8782f87628,b95a0a8bd30aece4e94e81f0591249d8,0bda8164c1a12b6a388ebec8559ee287,0.065822
790ac688b0fcc22b2a0dacf0202b2ce4,a323cb5c6d384a77b825dd05d1d3c843,1762d5c6c1f5efce31b1d21339212730,0.053843
8e84222ad36cb6ab528b745ae6e18d11,6275954c6646fe2a6fcc3b1f7771de04,d9773132aa1151c56c6f940c8d29cc0a,0.052512
1ed1f7f1679bee0089061c9db1bd783a,d2d2b46f15aac179d92c40438fb3a4e6,71ccac4998b863217b4480c50294b465,0.050613
4837d18df7cb3d4baf1a3959d0244554,05593bfa78dd87f8fb6d212a614f4b23,3c8d79ea0ac82caf57807f9cb39f8dee,0.048530
fe613188d4d20ea3e3dc1290549c3ad1,7e4428c9e14a7586963f5a518c9aa4a0,3e677665a6566b610e6f1344ade7b146,0.042917
ad42aaf1833e2a64136a9d9f823d77ab,d6f81840dedabe214cbfa42226e7dfd4,02a0f7101947ebb4e6d2ec4c1c929bbb,0.041528
f7be9bec658c62ab6240b44cd26c0b84,f175d67589e059cbbda956f10f0702e6,d82cef48824870df9946d57e827ed727,0.041019
601bf929b8d0a8feecab068a2110ae1f,8925a70c5c2e5b4ce423e37036e03571,05200ccb21bae81c6c32914d7c3bb778,0.040382
7a6b4947e01039432cac229435d058ee,e2c83f97c1de922cd2db1cd278fda544,634de1499ffe996612a8960e10d1c4ee,0.039745
b2e9a05d23ea17713b5d7799f2004f8e,a92bb0beb3fd226d50671cf17587f289,2192c6f4e9ece5c4e0091fd7f4dc4456,0.039317
f79c1eba3ebd97c75683b3ac6e333daa,8ee5be155201411ad345c45727c600d4,a51f4405f3b693d1a66119867a849b15,0.035185
40aa675201863fe2a78cc40c3ab74609,d177b7c08ed2934d5888e7fd236d42e1,792d05bf62b6d307527fcda2643411f9,0.034167
a5bdd83dc32225fadcedd741693cede2,99b492e774feb838a15101dc48ecb6f0,07b76b6fdc57b96ed6406457e05ddecb,0.031910
8b1aed2dad15fcad8eb2a5c555e2d26e,979440acde78c7c04e8c8a92f2bc8ada,516ddf29a9e99c8997f914e6b389cd19,0.031331
95d47153b9bc4d0fe3b9c714c4b19c3b,2d4f4cfa89af135842ed4770de178752,bcf4f139b50c6689378fac7fe255a186,0.031123
01a22e2079ea71e17313b88e5811e54a,35d6f22df6139cb41e6dc813a0f84302,7f40591eeef659da2bc93d2735fa9476,0.029155
44dbd08cc06662e0ca8ac504aac75f18,06c0d448cbbe294852cab1310c63ab3b,d04e58d009641c790ddf6b7b41790f87,0.028634
818a54422350b38d3fb1cb3a1553889f,3b55f8bdca319d87fac505893a4a3440,b0645176abf1df25bb73ba0afcc20be3,0.027396
99e2f46c9fe0bba48bd131ddac456549,c7c3e79f06b8145a28173b23f581f84f,86f67a35fe1b268a04dab03c7cbdb333,0.026887
14d46ad43ae7e3cd6944258b9840373b,e3c4b2d7022588a02583a79b3f405632,c7b067d8096220dcce7d81962a34f8ea,0.025162
fc1c735fd279ad7321e7b40a4f9d361f,ef1fc34d1d1ab34f4eb53f2c9b4ed2ab,c5f0b9e8bd23e3d37855d76739573355,0.023646
81865792a5df52436b4e759b4ba21412,e4a15d634030ab198f2c262701ef1a43,76b8ef6b0f6db30a373e60af37961b2f,0.022118
1501fb94311512e6b98462d159e05a23,023669233121f0fb7899e5be2b22885f,bcbef667390aafa23e9d20e93ea9e5af,0.022083
0b6d4f036c07e10854affe43fc4e718c,df77d1821312c74489233b53e2359215,dcc0ebfe0fa59c24fd859aacb8e1f2e9,0.021725
fde381fe79993303957d1fcf9cd6bf4a,95edd52b3452d4069b0fbc8056f01daa,778d960ed98fe278fca42ee20d002b1f,0.021354
5b3186d7cf904f2f9369aec26faba4d2,26a4525518bf2e891e2cdffef0742346,74c25aa167f9836099a217d0fa82ed0f,0.020150
b08b68bac767c3269e827f822d308182,f938fa004452c776198a593e5fb9056d,c53b15af645d91a057ddba9d0e1f21c7,0.019988
1225c9614c5129a3085416d30d50e143,8cfb75065f0afb476ac735606878a893,55f2090bf41dca177f3eff3f76eab561,0.019352
86b0aa3acd7e8f7427c8915780f5cd27,7611315a76580a81e6f86cd62f4ad994,196a79cd1b9ff7ad77dfaa9d4c46d04c,0.018252
429de3d8004cbe46652a0e069fc545e3,6746bff3c11cafd29a7f19f7fecd5107,3048257a09e97a57f58f5d0586cc01a3,0.018252
798c34ffa9047399853eab8ca7c0b9a0,adc51b6b60ec7fe71a757fdf57f0e3b2,0651c427722f910d3a2238dca1975fcc,0.018229
cb6eb4e06104e8902288c07ff4224c28,2942fb69025c3ceb3a70293e78346709,764d3a4ee7946fa483cc1b7c66367ee6,0.017928
a0b4713c96aeb3aff3b23412e63d5f75,df6b027b8ccc733f264b64dd4f6de13a,3aa8bb26ca992439ef2b340e0de63e78,0.017731
0bdb6ad22574bad5202df1e92a9aa403,8add64b3a0b9b64eba32b4274ca5fb8a,728b33a8cc080976c038c26fefaf9492,0.017037
68ab9bfe2388b0b36614c7000b8b1cf8,75726bd0f5bacd31edbf656514778805,5c748cfa838e65b06c230b1f917ec95e,0.016910
060f9ea0a180843fb91d4923b6d01bea,e23c047042de8af99ddee111258c121a,fdc14b5e651ff7527c5ac587d5de96c4,0.016481
4f928a6270233d6c7c4e73919fa12295,d10a096222e79b442a554b53eab60f9f,aba2813708fd104d3fa9f14fde9cd30f,0.016111
ccd2f7d983d761b9c7520a266bfcfc81,c4aac60369f19fc04e495e8a1b488aae,afbb859246fee92c1850a6e8bf1a9854,0.015752
399a2a06a7ddefb3b09460ba6a1bcf12,6744ba320cc05c157f4ce99347a87e12,0382e1be5feaca880336365b982b8629,0.014803
e079b18794454de9d2be5c12b4392294,77b062be7c5bd21712905feb8e1cfeed,7e3fefb35b0b1d765a343618ca5d454c,0.014294
508cae50c5c1e72079d266a513bca9ae,55e68a38817afa16c0547a6ebeeff145,ec32da64530edaf31b54d88fce2d1da7,0.014201
d277ef4a75c805239e54be86625e0722,68b3cbc68e4cd1fe19bec35f1d3bb7ee,49a5294baa5c1b7681da8529df02572b,0.014016
ec442faae8422b7ea35399ad213ff494,b56b0dbbd08c4f1536eb93cf4814dcae,79e843f791612177a6bb9f948f96f904,0.012847
08a374bca4063116d5530a7b04ecaf3f,674eb13687ba86abeaee12ece9ce0309,fe9fc8eb3ad784aaf13c6788561efe59,0.012685
59bba92de9b8f6be0808e4d9d64b4b43,4277cbafe32b1c895956bfca7cbdcc69,284d6741506f9b2791aacfb14b53c525,0.012454
73768eba15a0744371ca5521eb2e51f5,938de98c1b6d50724e3819cab940c36a,6fd8d29c2aba16768615748086578d34,0.012095
565448508b44312e8489ca1bc1f5d09e,298359155fc403a1c0f4babf75d157bd,aea58826ab6af5bcec0ed22041b7dcfe,0.011759
4644f1b187e390a08b4c66fb16c91364,11e75c2a931a2968007c44bddf001102,f26c31dc999a7994a4369c805f0bd029,0.011562
5a2e847dd085d36e3ba8916b75e794ed,2bd0f8bf1cb2f7cd2197525cc1a0b03b,4ee8c2344eb547af4169bcee11664bb8,0.011412
a327e19095ffb086d25f7ee477c9d3c6,1a4bf675df415785d3d9b3f3521988a7,91c52e15672343c61768b4d10597eea8,0.011354
49afeec74ee36fc6e5582ccd16111a14,3b132068223649635448d659e7826d12,645ae1a102627b74a009fe24909476c8,0.011146
6a0d68294a58730f94eab8de2abcf050,b56ba47b7760027308968ab3f294b402,1ce624df940711ffea6e5176a18eee87,0.011123
0a5df23b922b9998bb7378f1ac03c98a,4b3a605942f29d490cb74bd6ace6b9f0,7d39dfbe41d0fcf4a1bf8a09cfd50a31,0.011123
09cd73b13f103e47ce13675b4a4b36f3,31472917c2860ed762efd622d5862d88,3ceadc78831e81a4eb0cec59a8d44997,0.010868
d753459418d268407f19b64be28e3c5a,ce86fa5a5108884726a2244bcae51ae6,1b694ef5b28d3e949a4f0ffeb2c9fcd6,0.009884
7b0eaf68a16e4808e5388c67345033c9,6a4bb813a7219502638206778564481d,bf9798b58294574db2ddd49186ffbeac,0.009491
e28d3bf5a02fc92d400c59b18bb4cef3,8cacf6d8c088e18ca96ee6d5a138461b,f979343ab80aa950517b9a9950e516ef,0.009074
cbd08b04b3f301152b7570da5e9c8cc4,8484c5fe4c5e00deaa868795d62d1db9,b6cc16441c0ac5d724fbbfd192b801d6,0.008669
b09f1bff1aff13c997af071602bc048b,c27cd942c2a926d25153090afa106ceb,a8db6b84057a7a3a8a38968f10853069,0.008345
2410195f6521688005612363835a2671,dd4cb06a82daaa4a3853003208a89799,9dbaf3879dfddfc43171aaf9a9c0a82a,0.008252
518199e5f36305bffce18e38aa2642aa,d798a6f2eef74e8cd33a5c79db6a316c,324390b70e40e80315c594d323f03798,0.008009
246ef4748f64c4e716b4356d570967a1,f62ff18c0fc73a78ebd80d0d881abfcf,b5e3ecf507a50073bb07d54786f46337,0.007986
0f38a44168ec569a3f783ebf98d79095,41d1a34204ce66a59daa5590f05cc4fa,46422e1ce124f2bc35a6d0a4b1bf0130,0.007975
6ef4101366e4340921398ba91fff1426,2eb75364afee3e3651da6cdf9f57c6e1,33a5adbe3c5999ca418351ca4cd8bbdc,0.007870
e7aa3fbe88423a0132e45578023bac50,4b9bd9bf620365bc37e256997c022c5a,655352dd31829855980e8ba883725b47,0.007836
c9c7f143771017a9c61af26f7291f7a5,3d8548cd4cec4412f9007bf10e67b70f,f3c3a2ca4f66b5a0c400b09a1e795d57,0.007836
fad2bf8fa1bdfc125781eb6c62b5ad81,b052e6909e7bb217c24f5ac9225176bd,93ce5dbe519fd117a153211be6475a39,0.007535
6e968652933d10e7a77047574d87e54a,c13d560f9544b046be2c188d33eccb2a,9f98fbb9d688c4f3356987801b19286d,0.007454
e67af1efd445becc5019902668fe3218,ad3054bbcea42d1843d313b93d64d717,84270b9b2f185170b4b29b448ef3a0cc,0.006956
186e4b97d2704e8b76235b8d7c5d38ab,7433b1786e1af2042c2c4c76d3e4b750,a4b276bd4a9eba543ec90cdf29a67308,0.006956
38dd3f4e8a4cc5e32dd0a4426a1961fa,ce8a75d279575fb471682893d3c42079,f4f3e2c1d55d36170f4aabf93236eef3,0.006898
0e78a1b66adee5bb3a6f014714f79cf4,bfede3e7101b91bd335e6cc5d153bf2c,6a8400c1ae628fd6e3770950582c8b99,0.006898
2571f41727577645737ff6b834e9043b,e38573f7a3dc73addbbd97817bd0369e,60b4528b577937165a412ba177de3606,0.006771
4e5aba2c9b150920c8c7b5b4ee0c197d,b4f0e735d23a1ec6a012fb7769cb909f,4c6f9b20086e811c15722d15f8becee1,0.006736
c48322635a138a5714e55d9113d0e266,9054fc68ad061d062b078986216388df,da7af77d5f98212a8c1ad0b1c552f102,0.006331
7e050832e2248c400621f6b22315d4bb,548349fc08944ddee38248fc37100355,2ecf1e81869aad99fb1eaf286a7eb119,0.006273
9c9372efb0eaba42664210e312fe38c4,3340fd16bb81e26a23a17a1b9da63186,874ebca0220c7586ef0eaf166bb83ea5,0.006215
9afb61455d41afffa3ea550d1cfd832c,c84b383da1173fe2b3b8dc1052c66821,fa638db0d045b2d04da362622e1f48c9,0.006088
25a560b9a6006157838aab1bdbd68624,1a0977847a5ddeebdf419ddd4a94402c,6d80b0865b3140d16b2ddca281931566,0.006019
f377461b37160ea383bbb3535714ba31,ec1692cdaaac26359dd2b8da5e6a409f,dd12f57a8bc06b6105b3e8c0c1bdbabd,0.005683
b8f9ecc7915ce653a1d7ee6dbfe8f54d,fc501e42339fe22bc9c45d38c3cbe4ce,f312113915f8f85b447cbbb41a3bda73,0.005613
7ce7c20ac269f4642f1c7058ab375102,cc72d62c9da97fa8f846e9403f0fe57f,293d80b0abbf0b387d7e77eee30599cc,0.005394
059e7585d8fcd2430a33375bdbcbb990,a3a38cd51c4d299f206bc73c6daaf2b9,ca207209c40b29d76714f77acf8189e5,0.005301
4d2a058cead19bc1e7b3580be5893b2b,a1ed33176c9eddd31601c69dfabab37f,7061cd4574453f33b42776247c247ac7,0.005289
c169c9937db997a267f749cdd64c161f,649fa665ec97c1e0c786685fc3db9ba0,0647d9d193d898f2ff46c9e91a3c8c4b,0.005174
67626c49069bdf05ff127d59a6649948,41c3d0e8ca38e1a1948bdfbb842c1f27,30eb73d30073a32e71dd71315e9660c9,0.004965
931a4a1a3e2cf8b4b4d33922f1469dbe,7f6a7361266d9b404f05250ef42cdc6d,1c3f752b9a4d09bf1e016439a427d5f8,0.004850
a017de101a9c4fab4995c1bc81e737ea,a27544b4fea081b6353b05318c2d7944,7a4fa3c26b5a8846a34da9564571212c,0.004826
b59e4bb4efe81ba0f7d30cff6734f9a2,19a24ba386e8363a6dd9973d015e5410,78ff4e2150a4d62c899729924518c667,0.004479
9aae8213ff9bc04cc3ce48b85f43a173,e8bbe1e50121557f66b60660a6b62289,649aa4ae69d60a0b65b5270e737081be,0.004456
693b3203dcd4cef5288c5fd8d53f0efe,4c77961d5a6909826862fe6d8881f1b3,490f30e8fa50cb3ef01058c9ab43048d,0.004201
b3ccfe9606744e8b2757954a125ea1a6,c8eab0ccabe8cdfc2afce66c1c554ae2,84152c38452eb1dec5ddae4198266724,0.004178
b531620286c6c6fbd1d3e7b58390fec0,30fad506e0a3f97390f19a636e08894e,9105267b46613c2a2957fc8fb48ba1b5,0.003843
50915df398391da01c01bd5cf272f61b,0ce0997380b2110e5d35697ce4ddabd7,afc2b80ab67a5a0cf0d36422cd6409eb,0.003796
26a9b95058d46f1e6a685688355a1cdb,23eff627f4b39bbe7c0910de77b75eb4,c5bff3d6b9585e55844afce2a2061259,0.003576
8b433c0e7b7d2a1f1148b4277cc673f8,def90fc6c7d21d34a14af3d6e4d866b6,8d69a304424d2948038f16d6a73209ae,0.003565
e8da63b2f86c44c750599dbe9d95b7d2,32c89d9ac47125b85e72ba219a4f09ac,9da8ef7171b203799d1fac783097c70d,0.003275
25c88b7eff936d6a6fed64142b760035,9a3682ac52b77c26f1d7a700b59ed9f7,029b1d3a355dec12cfed60927f076a9d,0.003206
876a8881e182fb3a64af97b737cfe889,64d5bb1764f742cbecaed917d384da32,c348c4e34af674e33ac82ad18ce5404c,0.003148
c0779cfb3d6695eb9a6c14772852e10e,50de76b6e07161441556b571d4e85248,36995f50cacc28693fffcdb6af6cfedc,0.003148
6c45a9350eb05fba53a297c2491a32c5,dcc15ae978fb3fdf4dbe24079e768652,f5021290eb1a1105d7b9a7445f120c3d,0.003067
8f24365a46f82ddd0cef7893319a40d5,455d05ce8b86b6e2b3c2e6e0a7994942,6a7e99c1218ca32aefdff408295eb467,0.002951
93805ba8be262fe253c4284751762866,91e6838f3091d5ea8d82bc61a52b5d58,3dddd02cc38fbaa0a544a1e928aee40e,0.002928
5fd82666f1e64606820d24e3fbb5d160,bfd2cf5a993d1f386d0ba7fe0cfe6b7e,24e3104e1b85e87a36644fa9530bc9b4,0.002870
12f5d6e1cbf93dafd9dcc19095df0b3d,8a784d47854e4cbc5562362393d504db,9b91ddcbd6cbceb83d4fd2462ca1f95e,0.002766
6222ef69df52b4ed71be551725551cc0,cce1b8a1c5f8b1d224e19628299c8f54,db7576b1fe440f4c0a808855aacf0948,0.002569
e65e6159c5cfea9bd5aa393b49b02ee6,0f18a0163ab21f411df244c076fde7ce,92448c700c5faeacccaf77cd0f5ebc68,0.002407
d0be859f85cda9d896ab14e4ffba955d,f78a3a22a7eb2580aa261454a60166c3,c46a116ac9c84425011f5e56acb66c85,0.002199
b50e2c316ac14c5ad88a269716fe3662,bb94354031a1df0364e66b09e197bb78,9990874dbb760114a8bcadec87b20b2d,0.002130
d77aa95864ae5b42160937615628723a,53d6fdda7e6cd60c16d5051f00ac2af3,f4b7ccd15f831ff995d4f307b0dc0f0b,0.002060
8816ea7c1592bcab312eae9352996067,2070a6c3c3a8f5c3c8688096d984ce9c,431018542d8303268a574ea80da4cfb5,0.002037
7d2e246c38946e89eda0c9c1288fc0e3,fedc929029b296446e7a6d15adef783f,941ebebbc2c3685498a892e2a29237c9,0.001956
728e4a7d0db4845270091ded0923c71f,38bcb524e1c38c2c1b60600a80fc8999,7a18a504c1a4b32d883e68de2e1a7db0,0.001759
04fc637963fe982dd25ac58e4f4770c1,1300da43ff811b40b28c5c7b8128bf40,0cb398989a2bafd3944803b5427a622d,0.001748
32b3af6c5548b794f1924e7dc83f9e00,1770c4ca61c42f3ee7a4ed66d626bd67,3d0ad2666f5de49d63ad8ed0af80d3bc,0.001632
f8ac33ce25aad89ade14c52fac3cc452,9d6e7e70e068602fa740fc3163cefd3b,b7293e3014a7261f0d26d28a1e927864,0.001562
af842a6ed9f77511c9bf46922a29ecb5,ed552069bc1dfbbae315ecf454b1e5d0,352096b87a2e9b123d84ec3f1380d8a9,0.001528
f8d1720cca57b3c6961eb25114347ade,39d340d25b904393423407b7b5ed5030,1aa297bbbaf5713012d3a1431645b2b4,0.001400
3ec83b54e0afb70def9480cd6b9097f7,e9d40a10468b79b4c35c82f1bf078545,5260ac84bdd23400bd774a4507093208,0.001400
970e5961383615662043afa2d9c68802,2ccde1e4676c20b9444e2bcbed36334c,76de574e14e58baded25a12dce8075c1,0.001400
9dc44558922ff57d14d99f20d37f440f,8ef17147aad160f7780239dcf0acb400,dfa3653e86520b99a8a2dceed4362a7c,0.001400
92fc4892f11581ee802e8e2fa4296433,19f4c2e829ebee01e0d2a9ea2168929d,c333fbd06019caef9160f4b7ab8547d1,0.001400
bb58670190dba4e9b320f84cb98317a3,700bf35cd16de6e4d5d1e6e023b0221d,052b102ad85bbd141261bbb4ad13edfc,0.001400
7bff4fff725edd40fde6f0ac1eb0e2dc,cfb88f9053ce059b4de5d506ca4a2c5f,c616da5cc141068461ed014eb4c21d9d,0.001400
56f77ee91e06fb36402afa524deee676,a49eb42293ae3b9a95fec7071eec16f8,ef2774bdeb80c7328fc571f5352bf615,0.001204